rank_chosen,cpu,benchmark,parallel_cpus,cycle_count,wall_time_s
0,boom21-2large,qsort,16,1039419,423.14
0,boom21-2large,qsort,16,1039419,384.58
0,boom21-2large,qsort,16,1039419,423.35
0,boom21-2large,qsort,16,1039419,393.59
0,boom21-2large,qsort,16,1039419,393.37
0,boom21-2large,qsort,16,1039419,424.68
0,boom21-2large,qsort,16,1039419,392.14
0,boom21-2large,qsort,16,1039419,451.83
0,boom21-2large,qsort,16,1039419,393.05
0,boom21-2large,qsort,16,1039419,425.1
0,boom21-2large,qsort,16,1039419,379.17
0,boom21-2large,qsort,16,1039419,392.31
0,boom21-2large,qsort,16,1039419,429.08
0,boom21-2large,qsort,16,1039419,413.8
0,boom21-2large,qsort,16,1039419,423.57
0,boom21-2large,qsort,16,1039419,429.79
0,boom21-2large,qsort,1,1039419,203.01
0,boom21-2large,vvadd,16,380467,83.98
0,boom21-2large,vvadd,16,380467,107.01
0,boom21-2large,vvadd,16,380467,89.74
0,boom21-2large,vvadd,16,380467,91.47
0,boom21-2large,vvadd,16,380467,103.88
0,boom21-2large,vvadd,16,380467,86.94
0,boom21-2large,vvadd,16,380467,83.97
0,boom21-2large,vvadd,16,380467,85.45
0,boom21-2large,vvadd,16,380467,79.31
0,boom21-2large,vvadd,16,380467,115.26
0,boom21-2large,vvadd,16,380467,124.89
0,boom21-2large,vvadd,16,380467,109.16
0,boom21-2large,vvadd,16,380467,79.09
0,boom21-2large,vvadd,16,380467,83.19
0,boom21-2large,vvadd,16,380467,84.62
0,boom21-2large,vvadd,16,380467,125.55
0,boom21-2large,vvadd,1,380467,48.91
0,boom21-2small,qsort,16,1292019,111.08
0,boom21-2small,qsort,16,1292019,119.83
0,boom21-2small,qsort,16,1292019,116.73
0,boom21-2small,qsort,16,1292019,115.06
0,boom21-2small,qsort,16,1292019,114.5
0,boom21-2small,qsort,16,1292019,139.85
0,boom21-2small,qsort,16,1292019,114.26
0,boom21-2small,qsort,16,1292019,112.42
0,boom21-2small,qsort,16,1292019,120.9
0,boom21-2small,qsort,16,1292019,115.35
0,boom21-2small,qsort,16,1292019,112.61
0,boom21-2small,qsort,16,1292019,111.32
0,boom21-2small,qsort,16,1292019,114.9
0,boom21-2small,qsort,16,1292019,117.86
0,boom21-2small,qsort,16,1292019,115.92
0,boom21-2small,qsort,16,1292019,118.64
0,boom21-2small,qsort,1,1292019,106.29
0,boom21-2small,vvadd,16,435571,28.44
0,boom21-2small,vvadd,16,435571,28.17
0,boom21-2small,vvadd,16,435571,28.34
0,boom21-2small,vvadd,16,435571,28.37
0,boom21-2small,vvadd,16,435571,29.15
0,boom21-2small,vvadd,16,435571,29.43
0,boom21-2small,vvadd,16,435571,28.91
0,boom21-2small,vvadd,16,435571,29.55
0,boom21-2small,vvadd,16,435571,28.38
0,boom21-2small,vvadd,16,435571,29.52
0,boom21-2small,vvadd,16,435571,29.3
0,boom21-2small,vvadd,16,435571,29.14
0,boom21-2small,vvadd,16,435571,29.6
0,boom21-2small,vvadd,16,435571,28.88
0,boom21-2small,vvadd,16,435571,32.83
0,boom21-2small,vvadd,16,435571,28.89
0,boom21-2small,vvadd,1,435571,23.07
0,boom21-large,qsort,16,1035715,221.73
0,boom21-large,qsort,16,1035715,177.55
0,boom21-large,qsort,16,1035715,177.86
0,boom21-large,qsort,16,1035715,189.25
0,boom21-large,qsort,16,1035715,208.21
0,boom21-large,qsort,16,1035715,242.03
0,boom21-large,qsort,16,1035715,204.41
0,boom21-large,qsort,16,1035715,212.64
0,boom21-large,qsort,16,1035715,177.21
0,boom21-large,qsort,16,1035715,216.01
0,boom21-large,qsort,16,1035715,218.28
0,boom21-large,qsort,16,1035715,211.5
0,boom21-large,qsort,16,1035715,217.31
0,boom21-large,qsort,16,1035715,209.82
0,boom21-large,qsort,16,1035715,179.87
0,boom21-large,qsort,16,1035715,175.77
0,boom21-large,qsort,1,1035715,112.72
0,boom21-large,vvadd,16,377579,43.23
0,boom21-large,vvadd,16,377579,49.64
0,boom21-large,vvadd,16,377579,49.27
0,boom21-large,vvadd,16,377579,48.3
0,boom21-large,vvadd,16,377579,45.93
0,boom21-large,vvadd,16,377579,45.35
0,boom21-large,vvadd,16,377579,55.2
0,boom21-large,vvadd,16,377579,50.02
0,boom21-large,vvadd,16,377579,43.76
0,boom21-large,vvadd,16,377579,47.74
0,boom21-large,vvadd,16,377579,49.6
0,boom21-large,vvadd,16,377579,45.39
0,boom21-large,vvadd,16,377579,48.7
0,boom21-large,vvadd,16,377579,49.81
0,boom21-large,vvadd,16,377579,49.09
0,boom21-large,vvadd,16,377579,45.07
0,boom21-large,vvadd,1,377579,31.44
0,boom21-small,qsort,16,1287415,61.52
0,boom21-small,qsort,16,1287415,61.54
0,boom21-small,qsort,16,1287415,60.99
0,boom21-small,qsort,16,1287415,65.38
0,boom21-small,qsort,16,1287415,62.36
0,boom21-small,qsort,16,1287415,62.99
0,boom21-small,qsort,16,1287415,62.58
0,boom21-small,qsort,16,1287415,61.28
0,boom21-small,qsort,16,1287415,61.42
0,boom21-small,qsort,16,1287415,61.57
0,boom21-small,qsort,16,1287415,63.32
0,boom21-small,qsort,16,1287415,61.9
0,boom21-small,qsort,16,1287415,61.15
0,boom21-small,qsort,16,1287415,61.88
0,boom21-small,qsort,16,1287415,61.72
0,boom21-small,qsort,16,1287415,63.89
0,boom21-small,qsort,1,1287415,51.58
0,boom21-small,vvadd,16,432659,15.34
0,boom21-small,vvadd,16,432659,15.8
0,boom21-small,vvadd,16,432659,15.77
0,boom21-small,vvadd,16,432659,15.6
0,boom21-small,vvadd,16,432659,15.46
0,boom21-small,vvadd,16,432659,15.06
0,boom21-small,vvadd,16,432659,15.38
0,boom21-small,vvadd,16,432659,15.7
0,boom21-small,vvadd,16,432659,15.48
0,boom21-small,vvadd,16,432659,15.57
0,boom21-small,vvadd,16,432659,15.22
0,boom21-small,vvadd,16,432659,15.62
0,boom21-small,vvadd,16,432659,17.49
0,boom21-small,vvadd,16,432659,15.49
0,boom21-small,vvadd,16,432659,15.56
0,boom21-small,vvadd,16,432659,15.35
0,boom21-small,vvadd,1,432659,14.78
0,rocket21-1c,qsort,16,793459,11.45
0,rocket21-1c,qsort,16,793459,11.46
0,rocket21-1c,qsort,16,793459,11.4
0,rocket21-1c,qsort,16,793459,11.35
0,rocket21-1c,qsort,16,793459,12.87
0,rocket21-1c,qsort,16,793459,11.57
0,rocket21-1c,qsort,16,793459,11.57
0,rocket21-1c,qsort,16,793459,11.95
0,rocket21-1c,qsort,16,793459,11.51
0,rocket21-1c,qsort,16,793459,11.54
0,rocket21-1c,qsort,16,793459,11.62
0,rocket21-1c,qsort,16,793459,11.45
0,rocket21-1c,qsort,16,793459,11.56
0,rocket21-1c,qsort,16,793459,11.44
0,rocket21-1c,qsort,16,793459,11.4
0,rocket21-1c,qsort,16,793459,11.64
0,rocket21-1c,qsort,1,793459,9.78
0,rocket21-1c,vvadd,16,237215,3.66
0,rocket21-1c,vvadd,16,237215,3.72
0,rocket21-1c,vvadd,16,237215,3.71
0,rocket21-1c,vvadd,16,237215,4.29
0,rocket21-1c,vvadd,16,237215,3.7
0,rocket21-1c,vvadd,16,237215,3.67
0,rocket21-1c,vvadd,16,237215,3.76
0,rocket21-1c,vvadd,16,237215,3.73
0,rocket21-1c,vvadd,16,237215,3.62
0,rocket21-1c,vvadd,16,237215,3.62
0,rocket21-1c,vvadd,16,237215,3.66
0,rocket21-1c,vvadd,16,237215,3.68
0,rocket21-1c,vvadd,16,237215,3.66
0,rocket21-1c,vvadd,16,237215,3.66
0,rocket21-1c,vvadd,16,237215,3.69
0,rocket21-1c,vvadd,16,237215,3.7
0,rocket21-1c,vvadd,1,237215,3.58
0,rocket21-2c,qsort,16,794619,17.79
0,rocket21-2c,qsort,16,794619,16.37
0,rocket21-2c,qsort,16,794619,16.23
0,rocket21-2c,qsort,16,794619,16.2
0,rocket21-2c,qsort,16,794619,15.99
0,rocket21-2c,qsort,16,794619,16.39
0,rocket21-2c,qsort,16,794619,16.28
0,rocket21-2c,qsort,16,794619,15.95
0,rocket21-2c,qsort,16,794619,16.25
0,rocket21-2c,qsort,16,794619,16.15
0,rocket21-2c,qsort,16,794619,16.25
0,rocket21-2c,qsort,16,794619,16.43
0,rocket21-2c,qsort,16,794619,16.36
0,rocket21-2c,qsort,16,794619,15.98
0,rocket21-2c,qsort,16,794619,16.34
0,rocket21-2c,qsort,16,794619,16.2
0,rocket21-2c,qsort,1,794619,13.63
0,rocket21-2c,vvadd,16,238411,4.55
0,rocket21-2c,vvadd,16,238411,4.57
0,rocket21-2c,vvadd,16,238411,4.72
0,rocket21-2c,vvadd,16,238411,4.62
0,rocket21-2c,vvadd,16,238411,4.63
0,rocket21-2c,vvadd,16,238411,4.58
0,rocket21-2c,vvadd,16,238411,4.6
0,rocket21-2c,vvadd,16,238411,4.65
0,rocket21-2c,vvadd,16,238411,4.62
0,rocket21-2c,vvadd,16,238411,4.64
0,rocket21-2c,vvadd,16,238411,4.63
0,rocket21-2c,vvadd,16,238411,4.59
0,rocket21-2c,vvadd,16,238411,4.69
0,rocket21-2c,vvadd,16,238411,4.63
0,rocket21-2c,vvadd,16,238411,4.62
0,rocket21-2c,vvadd,16,238411,4.61
0,rocket21-2c,vvadd,1,238411,3.86
1,boom21-2large,qsort,16,1039455,459.2
1,boom21-2large,qsort,16,1039455,470.05
1,boom21-2large,qsort,16,1039455,419.82
1,boom21-2large,qsort,16,1039455,605.36
1,boom21-2large,qsort,16,1039455,419.34
1,boom21-2large,qsort,16,1039455,416.44
1,boom21-2large,qsort,16,1039455,454.95
1,boom21-2large,qsort,16,1039455,478.55
1,boom21-2large,qsort,16,1039455,420.51
1,boom21-2large,qsort,16,1039455,541.61
1,boom21-2large,qsort,16,1039455,538.61
1,boom21-2large,qsort,16,1039455,460.27
1,boom21-2large,qsort,16,1039455,428.8
1,boom21-2large,qsort,16,1039455,470.77
1,boom21-2large,qsort,16,1039455,464.68
1,boom21-2large,qsort,16,1039455,419.2
1,boom21-2large,qsort,1,1039455,228.07
1,boom21-2large,vvadd,16,380467,104.17
1,boom21-2large,vvadd,16,380467,109.15
1,boom21-2large,vvadd,16,380467,99.2
1,boom21-2large,vvadd,16,380467,101.54
1,boom21-2large,vvadd,16,380467,107.35
1,boom21-2large,vvadd,16,380467,98.59
1,boom21-2large,vvadd,16,380467,100.4
1,boom21-2large,vvadd,16,380467,93.51
1,boom21-2large,vvadd,16,380467,108.49
1,boom21-2large,vvadd,16,380467,110.87
1,boom21-2large,vvadd,16,380467,141.73
1,boom21-2large,vvadd,16,380467,107.83
1,boom21-2large,vvadd,16,380467,108.48
1,boom21-2large,vvadd,16,380467,103.16
1,boom21-2large,vvadd,16,380467,98.26
1,boom21-2large,vvadd,16,380467,100.11
1,boom21-2large,vvadd,1,380467,57.33
1,boom21-2small,qsort,16,1291995,127.01
1,boom21-2small,qsort,16,1291995,130.92
1,boom21-2small,qsort,16,1291995,128.8
1,boom21-2small,qsort,16,1291995,133.34
1,boom21-2small,qsort,16,1291995,129.83
1,boom21-2small,qsort,16,1291995,131.04
1,boom21-2small,qsort,16,1291995,128.85
1,boom21-2small,qsort,16,1291995,128.83
1,boom21-2small,qsort,16,1291995,132.33
1,boom21-2small,qsort,16,1291995,148.85
1,boom21-2small,qsort,16,1291995,133.32
1,boom21-2small,qsort,16,1291995,129.58
1,boom21-2small,qsort,16,1291995,134.65
1,boom21-2small,qsort,16,1291995,134.04
1,boom21-2small,qsort,16,1291995,130.13
1,boom21-2small,qsort,16,1291995,135.08
1,boom21-2small,qsort,1,1291995,105.86
1,boom21-2small,vvadd,16,435679,31.76
1,boom21-2small,vvadd,16,435679,31.87
1,boom21-2small,vvadd,16,435679,32.21
1,boom21-2small,vvadd,16,435679,32.77
1,boom21-2small,vvadd,16,435679,32.8
1,boom21-2small,vvadd,16,435679,32.15
1,boom21-2small,vvadd,16,435679,32.96
1,boom21-2small,vvadd,16,435679,32.18
1,boom21-2small,vvadd,16,435679,32.91
1,boom21-2small,vvadd,16,435679,33.06
1,boom21-2small,vvadd,16,435679,32.35
1,boom21-2small,vvadd,16,435679,32.0
1,boom21-2small,vvadd,16,435679,32.75
1,boom21-2small,vvadd,16,435679,32.9
1,boom21-2small,vvadd,16,435679,37.04
1,boom21-2small,vvadd,16,435679,32.91
1,boom21-2small,vvadd,1,435679,26.85
1,boom21-large,qsort,16,1034563,207.38
1,boom21-large,qsort,16,1034563,183.57
1,boom21-large,qsort,16,1034563,235.48
1,boom21-large,qsort,16,1034563,212.07
1,boom21-large,qsort,16,1034563,199.6
1,boom21-large,qsort,16,1034563,181.49
1,boom21-large,qsort,16,1034563,207.24
1,boom21-large,qsort,16,1034563,187.03
1,boom21-large,qsort,16,1034563,265.25
1,boom21-large,qsort,16,1034563,223.47
1,boom21-large,qsort,16,1034563,207.0
1,boom21-large,qsort,16,1034563,184.46
1,boom21-large,qsort,16,1034563,184.07
1,boom21-large,qsort,16,1034563,221.18
1,boom21-large,qsort,16,1034563,210.6
1,boom21-large,qsort,16,1034563,178.76
1,boom21-large,qsort,1,1034563,109.95
1,boom21-large,vvadd,16,377663,48.92
1,boom21-large,vvadd,16,377663,49.1
1,boom21-large,vvadd,16,377663,45.19
1,boom21-large,vvadd,16,377663,46.18
1,boom21-large,vvadd,16,377663,45.32
1,boom21-large,vvadd,16,377663,46.59
1,boom21-large,vvadd,16,377663,47.88
1,boom21-large,vvadd,16,377663,44.1
1,boom21-large,vvadd,16,377663,49.58
1,boom21-large,vvadd,16,377663,47.78
1,boom21-large,vvadd,16,377663,55.73
1,boom21-large,vvadd,16,377663,49.08
1,boom21-large,vvadd,16,377663,48.95
1,boom21-large,vvadd,16,377663,51.29
1,boom21-large,vvadd,16,377663,45.63
1,boom21-large,vvadd,16,377663,49.39
1,boom21-large,vvadd,1,377663,30.77
1,boom21-small,qsort,16,1287559,62.87
1,boom21-small,qsort,16,1287559,63.09
1,boom21-small,qsort,16,1287559,61.01
1,boom21-small,qsort,16,1287559,59.98
1,boom21-small,qsort,16,1287559,62.79
1,boom21-small,qsort,16,1287559,63.0
1,boom21-small,qsort,16,1287559,62.12
1,boom21-small,qsort,16,1287559,60.62
1,boom21-small,qsort,16,1287559,62.33
1,boom21-small,qsort,16,1287559,61.73
1,boom21-small,qsort,16,1287559,61.99
1,boom21-small,qsort,16,1287559,61.0
1,boom21-small,qsort,16,1287559,62.0
1,boom21-small,qsort,16,1287559,61.33
1,boom21-small,qsort,16,1287559,60.28
1,boom21-small,qsort,16,1287559,61.07
1,boom21-small,qsort,1,1287559,52.48
1,boom21-small,vvadd,16,432599,15.33
1,boom21-small,vvadd,16,432599,15.18
1,boom21-small,vvadd,16,432599,15.08
1,boom21-small,vvadd,16,432599,15.18
1,boom21-small,vvadd,16,432599,15.36
1,boom21-small,vvadd,16,432599,15.12
1,boom21-small,vvadd,16,432599,15.42
1,boom21-small,vvadd,16,432599,15.06
1,boom21-small,vvadd,16,432599,15.24
1,boom21-small,vvadd,16,432599,15.08
1,boom21-small,vvadd,16,432599,15.24
1,boom21-small,vvadd,16,432599,15.38
1,boom21-small,vvadd,16,432599,15.81
1,boom21-small,vvadd,16,432599,15.63
1,boom21-small,vvadd,16,432599,15.61
1,boom21-small,vvadd,16,432599,15.24
1,boom21-small,vvadd,1,432599,12.5
1,rocket21-1c,qsort,16,793459,11.75
1,rocket21-1c,qsort,16,793459,11.78
1,rocket21-1c,qsort,16,793459,11.88
1,rocket21-1c,qsort,16,793459,11.74
1,rocket21-1c,qsort,16,793459,11.67
1,rocket21-1c,qsort,16,793459,11.65
1,rocket21-1c,qsort,16,793459,11.78
1,rocket21-1c,qsort,16,793459,11.73
1,rocket21-1c,qsort,16,793459,11.81
1,rocket21-1c,qsort,16,793459,11.61
1,rocket21-1c,qsort,16,793459,11.64
1,rocket21-1c,qsort,16,793459,13.02
1,rocket21-1c,qsort,16,793459,11.65
1,rocket21-1c,qsort,16,793459,11.61
1,rocket21-1c,qsort,16,793459,11.71
1,rocket21-1c,qsort,16,793459,11.7
1,rocket21-1c,qsort,1,793459,10.57
1,rocket21-1c,vvadd,16,237215,3.79
1,rocket21-1c,vvadd,16,237215,3.79
1,rocket21-1c,vvadd,16,237215,3.75
1,rocket21-1c,vvadd,16,237215,3.72
1,rocket21-1c,vvadd,16,237215,3.82
1,rocket21-1c,vvadd,16,237215,3.74
1,rocket21-1c,vvadd,16,237215,3.79
1,rocket21-1c,vvadd,16,237215,3.74
1,rocket21-1c,vvadd,16,237215,3.71
1,rocket21-1c,vvadd,16,237215,3.73
1,rocket21-1c,vvadd,16,237215,3.88
1,rocket21-1c,vvadd,16,237215,3.7
1,rocket21-1c,vvadd,16,237215,3.78
1,rocket21-1c,vvadd,16,237215,3.83
1,rocket21-1c,vvadd,16,237215,3.75
1,rocket21-1c,vvadd,16,237215,3.82
1,rocket21-1c,vvadd,1,237215,3.1
1,rocket21-2c,qsort,16,794619,18.64
1,rocket21-2c,qsort,16,794619,19.42
1,rocket21-2c,qsort,16,794619,20.44
1,rocket21-2c,qsort,16,794619,18.76
1,rocket21-2c,qsort,16,794619,19.84
1,rocket21-2c,qsort,16,794619,18.89
1,rocket21-2c,qsort,16,794619,19.3
1,rocket21-2c,qsort,16,794619,19.38
1,rocket21-2c,qsort,16,794619,18.53
1,rocket21-2c,qsort,16,794619,18.73
1,rocket21-2c,qsort,16,794619,18.49
1,rocket21-2c,qsort,16,794619,19.97
1,rocket21-2c,qsort,16,794619,19.71
1,rocket21-2c,qsort,16,794619,18.93
1,rocket21-2c,qsort,16,794619,18.81
1,rocket21-2c,qsort,16,794619,19.45
1,rocket21-2c,qsort,1,794619,15.82
1,rocket21-2c,vvadd,16,238411,5.41
1,rocket21-2c,vvadd,16,238411,5.38
1,rocket21-2c,vvadd,16,238411,5.51
1,rocket21-2c,vvadd,16,238411,5.46
1,rocket21-2c,vvadd,16,238411,5.46
1,rocket21-2c,vvadd,16,238411,5.46
1,rocket21-2c,vvadd,16,238411,5.51
1,rocket21-2c,vvadd,16,238411,5.57
1,rocket21-2c,vvadd,16,238411,5.35
1,rocket21-2c,vvadd,16,238411,5.39
1,rocket21-2c,vvadd,16,238411,5.49
1,rocket21-2c,vvadd,16,238411,5.59
1,rocket21-2c,vvadd,16,238411,5.64
1,rocket21-2c,vvadd,16,238411,5.54
1,rocket21-2c,vvadd,16,238411,5.39
1,rocket21-2c,vvadd,16,238411,5.54
1,rocket21-2c,vvadd,1,238411,4.58
10,boom21-2large,qsort,16,1041363,534.32
10,boom21-2large,qsort,16,1041363,396.4
10,boom21-2large,qsort,16,1041363,406.33
10,boom21-2large,qsort,16,1041363,413.57
10,boom21-2large,qsort,16,1041363,414.23
10,boom21-2large,qsort,16,1041363,532.83
10,boom21-2large,qsort,16,1041363,418.31
10,boom21-2large,qsort,16,1041363,404.29
10,boom21-2large,qsort,16,1041363,411.79
10,boom21-2large,qsort,16,1041363,405.1
10,boom21-2large,qsort,16,1041363,413.17
10,boom21-2large,qsort,16,1041363,413.06
10,boom21-2large,qsort,16,1041363,387.03
10,boom21-2large,qsort,16,1041363,398.29
10,boom21-2large,qsort,16,1041363,413.79
10,boom21-2large,qsort,16,1041363,410.96
10,boom21-2large,qsort,1,1041363,202.46
10,boom21-2large,vvadd,16,381631,95.05
10,boom21-2large,vvadd,16,381631,85.63
10,boom21-2large,vvadd,16,381631,89.43
10,boom21-2large,vvadd,16,381631,90.07
10,boom21-2large,vvadd,16,381631,89.69
10,boom21-2large,vvadd,16,381631,87.86
10,boom21-2large,vvadd,16,381631,87.68
10,boom21-2large,vvadd,16,381631,90.98
10,boom21-2large,vvadd,16,381631,86.72
10,boom21-2large,vvadd,16,381631,113.82
10,boom21-2large,vvadd,16,381631,108.83
10,boom21-2large,vvadd,16,381631,97.78
10,boom21-2large,vvadd,16,381631,84.09
10,boom21-2large,vvadd,16,381631,91.96
10,boom21-2large,vvadd,16,381631,82.49
10,boom21-2large,vvadd,16,381631,86.96
10,boom21-2large,vvadd,1,381631,51.61
10,boom21-2small,qsort,16,1292475,121.45
10,boom21-2small,qsort,16,1292475,114.82
10,boom21-2small,qsort,16,1292475,112.73
10,boom21-2small,qsort,16,1292475,112.14
10,boom21-2small,qsort,16,1292475,113.45
10,boom21-2small,qsort,16,1292475,111.87
10,boom21-2small,qsort,16,1292475,113.47
10,boom21-2small,qsort,16,1292475,114.54
10,boom21-2small,qsort,16,1292475,114.91
10,boom21-2small,qsort,16,1292475,115.65
10,boom21-2small,qsort,16,1292475,111.79
10,boom21-2small,qsort,16,1292475,112.21
10,boom21-2small,qsort,16,1292475,113.79
10,boom21-2small,qsort,16,1292475,113.62
10,boom21-2small,qsort,16,1292475,113.87
10,boom21-2small,qsort,16,1292475,114.87
10,boom21-2small,qsort,1,1292475,95.94
10,boom21-2small,vvadd,16,435535,28.09
10,boom21-2small,vvadd,16,435535,28.41
10,boom21-2small,vvadd,16,435535,28.72
10,boom21-2small,vvadd,16,435535,29.09
10,boom21-2small,vvadd,16,435535,29.1
10,boom21-2small,vvadd,16,435535,29.45
10,boom21-2small,vvadd,16,435535,27.9
10,boom21-2small,vvadd,16,435535,28.78
10,boom21-2small,vvadd,16,435535,28.83
10,boom21-2small,vvadd,16,435535,31.66
10,boom21-2small,vvadd,16,435535,28.6
10,boom21-2small,vvadd,16,435535,28.58
10,boom21-2small,vvadd,16,435535,28.58
10,boom21-2small,vvadd,16,435535,28.25
10,boom21-2small,vvadd,16,435535,28.69
10,boom21-2small,vvadd,16,435535,28.06
10,boom21-2small,vvadd,1,435535,24.81
10,boom21-large,qsort,16,1034563,208.64
10,boom21-large,qsort,16,1034563,220.43
10,boom21-large,qsort,16,1034563,196.69
10,boom21-large,qsort,16,1034563,200.79
10,boom21-large,qsort,16,1034563,200.71
10,boom21-large,qsort,16,1034563,201.09
10,boom21-large,qsort,16,1034563,194.73
10,boom21-large,qsort,16,1034563,203.17
10,boom21-large,qsort,16,1034563,194.46
10,boom21-large,qsort,16,1034563,201.98
10,boom21-large,qsort,16,1034563,195.04
10,boom21-large,qsort,16,1034563,201.66
10,boom21-large,qsort,16,1034563,197.0
10,boom21-large,qsort,16,1034563,200.01
10,boom21-large,qsort,16,1034563,198.93
10,boom21-large,qsort,16,1034563,201.99
10,boom21-large,qsort,1,1034563,112.46
10,boom21-large,vvadd,16,377795,48.32
10,boom21-large,vvadd,16,377795,46.31
10,boom21-large,vvadd,16,377795,46.24
10,boom21-large,vvadd,16,377795,47.2
10,boom21-large,vvadd,16,377795,44.88
10,boom21-large,vvadd,16,377795,45.65
10,boom21-large,vvadd,16,377795,45.77
10,boom21-large,vvadd,16,377795,55.28
10,boom21-large,vvadd,16,377795,47.21
10,boom21-large,vvadd,16,377795,46.98
10,boom21-large,vvadd,16,377795,48.39
10,boom21-large,vvadd,16,377795,53.17
10,boom21-large,vvadd,16,377795,55.81
10,boom21-large,vvadd,16,377795,46.01
10,boom21-large,vvadd,16,377795,47.86
10,boom21-large,vvadd,16,377795,46.44
10,boom21-large,vvadd,1,377795,30.21
10,boom21-small,qsort,16,1287655,59.97
10,boom21-small,qsort,16,1287655,61.11
10,boom21-small,qsort,16,1287655,63.14
10,boom21-small,qsort,16,1287655,61.69
10,boom21-small,qsort,16,1287655,62.23
10,boom21-small,qsort,16,1287655,60.98
10,boom21-small,qsort,16,1287655,60.18
10,boom21-small,qsort,16,1287655,60.66
10,boom21-small,qsort,16,1287655,61.12
10,boom21-small,qsort,16,1287655,61.18
10,boom21-small,qsort,16,1287655,60.47
10,boom21-small,qsort,16,1287655,61.34
10,boom21-small,qsort,16,1287655,63.14
10,boom21-small,qsort,16,1287655,61.49
10,boom21-small,qsort,16,1287655,60.7
10,boom21-small,qsort,16,1287655,62.43
10,boom21-small,qsort,1,1287655,51.68
10,boom21-small,vvadd,16,432839,15.17
10,boom21-small,vvadd,16,432839,15.35
10,boom21-small,vvadd,16,432839,15.19
10,boom21-small,vvadd,16,432839,15.45
10,boom21-small,vvadd,16,432839,15.41
10,boom21-small,vvadd,16,432839,15.66
10,boom21-small,vvadd,16,432839,15.33
10,boom21-small,vvadd,16,432839,15.32
10,boom21-small,vvadd,16,432839,15.09
10,boom21-small,vvadd,16,432839,15.1
10,boom21-small,vvadd,16,432839,15.82
10,boom21-small,vvadd,16,432839,15.32
10,boom21-small,vvadd,16,432839,15.26
10,boom21-small,vvadd,16,432839,15.37
10,boom21-small,vvadd,16,432839,15.15
10,boom21-small,vvadd,16,432839,15.38
10,boom21-small,vvadd,1,432839,13.39
10,rocket21-1c,qsort,16,793459,11.58
10,rocket21-1c,qsort,16,793459,11.63
10,rocket21-1c,qsort,16,793459,11.84
10,rocket21-1c,qsort,16,793459,11.8
10,rocket21-1c,qsort,16,793459,11.71
10,rocket21-1c,qsort,16,793459,11.67
10,rocket21-1c,qsort,16,793459,11.66
10,rocket21-1c,qsort,16,793459,11.57
10,rocket21-1c,qsort,16,793459,11.65
10,rocket21-1c,qsort,16,793459,11.62
10,rocket21-1c,qsort,16,793459,11.72
10,rocket21-1c,qsort,16,793459,11.67
10,rocket21-1c,qsort,16,793459,11.57
10,rocket21-1c,qsort,16,793459,11.59
10,rocket21-1c,qsort,16,793459,11.66
10,rocket21-1c,qsort,16,793459,11.58
10,rocket21-1c,qsort,1,793459,10.36
10,rocket21-1c,vvadd,16,237215,3.75
10,rocket21-1c,vvadd,16,237215,3.73
10,rocket21-1c,vvadd,16,237215,3.81
10,rocket21-1c,vvadd,16,237215,3.79
10,rocket21-1c,vvadd,16,237215,3.76
10,rocket21-1c,vvadd,16,237215,3.77
10,rocket21-1c,vvadd,16,237215,3.72
10,rocket21-1c,vvadd,16,237215,3.77
10,rocket21-1c,vvadd,16,237215,3.82
10,rocket21-1c,vvadd,16,237215,3.78
10,rocket21-1c,vvadd,16,237215,3.75
10,rocket21-1c,vvadd,16,237215,3.69
10,rocket21-1c,vvadd,16,237215,3.76
10,rocket21-1c,vvadd,16,237215,3.77
10,rocket21-1c,vvadd,16,237215,3.81
10,rocket21-1c,vvadd,16,237215,3.8
10,rocket21-1c,vvadd,1,237215,3.28
10,rocket21-2c,qsort,16,794619,16.16
10,rocket21-2c,qsort,16,794619,16.34
10,rocket21-2c,qsort,16,794619,16.12
10,rocket21-2c,qsort,16,794619,16.41
10,rocket21-2c,qsort,16,794619,16.08
10,rocket21-2c,qsort,16,794619,15.75
10,rocket21-2c,qsort,16,794619,16.14
10,rocket21-2c,qsort,16,794619,15.97
10,rocket21-2c,qsort,16,794619,16.42
10,rocket21-2c,qsort,16,794619,15.84
10,rocket21-2c,qsort,16,794619,15.9
10,rocket21-2c,qsort,16,794619,16.11
10,rocket21-2c,qsort,16,794619,16.02
10,rocket21-2c,qsort,16,794619,15.99
10,rocket21-2c,qsort,16,794619,16.53
10,rocket21-2c,qsort,16,794619,16.44
10,rocket21-2c,qsort,1,794619,13.7
10,rocket21-2c,vvadd,16,238411,4.53
10,rocket21-2c,vvadd,16,238411,4.58
10,rocket21-2c,vvadd,16,238411,4.69
10,rocket21-2c,vvadd,16,238411,4.7
10,rocket21-2c,vvadd,16,238411,4.65
10,rocket21-2c,vvadd,16,238411,4.66
10,rocket21-2c,vvadd,16,238411,4.74
10,rocket21-2c,vvadd,16,238411,4.6
10,rocket21-2c,vvadd,16,238411,4.62
10,rocket21-2c,vvadd,16,238411,4.67
10,rocket21-2c,vvadd,16,238411,4.75
10,rocket21-2c,vvadd,16,238411,4.65
10,rocket21-2c,vvadd,16,238411,4.67
10,rocket21-2c,vvadd,16,238411,4.6
10,rocket21-2c,vvadd,16,238411,4.62
10,rocket21-2c,vvadd,16,238411,4.58
10,rocket21-2c,vvadd,1,238411,4.05
2,boom21-2large,qsort,16,1040703,428.03
2,boom21-2large,qsort,16,1040703,469.54
2,boom21-2large,qsort,16,1040703,473.43
2,boom21-2large,qsort,16,1040703,465.22
2,boom21-2large,qsort,16,1040703,492.49
2,boom21-2large,qsort,16,1040703,460.92
2,boom21-2large,qsort,16,1040703,431.75
2,boom21-2large,qsort,16,1040703,422.2
2,boom21-2large,qsort,16,1040703,432.01
2,boom21-2large,qsort,16,1040703,480.11
2,boom21-2large,qsort,16,1040703,432.84
2,boom21-2large,qsort,16,1040703,479.81
2,boom21-2large,qsort,16,1040703,435.71
2,boom21-2large,qsort,16,1040703,429.62
2,boom21-2large,qsort,16,1040703,475.25
2,boom21-2large,qsort,16,1040703,482.88
2,boom21-2large,qsort,1,1040703,231.59
2,boom21-2large,vvadd,16,380383,101.96
2,boom21-2large,vvadd,16,380383,99.76
2,boom21-2large,vvadd,16,380383,116.76
2,boom21-2large,vvadd,16,380383,105.76
2,boom21-2large,vvadd,16,380383,103.05
2,boom21-2large,vvadd,16,380383,106.03
2,boom21-2large,vvadd,16,380383,100.07
2,boom21-2large,vvadd,16,380383,106.19
2,boom21-2large,vvadd,16,380383,103.78
2,boom21-2large,vvadd,16,380383,102.94
2,boom21-2large,vvadd,16,380383,101.66
2,boom21-2large,vvadd,16,380383,104.83
2,boom21-2large,vvadd,16,380383,100.83
2,boom21-2large,vvadd,16,380383,106.59
2,boom21-2large,vvadd,16,380383,105.64
2,boom21-2large,vvadd,16,380383,102.86
2,boom21-2large,vvadd,1,380383,61.73
2,boom21-2small,qsort,16,1292091,127.04
2,boom21-2small,qsort,16,1292091,132.63
2,boom21-2small,qsort,16,1292091,131.17
2,boom21-2small,qsort,16,1292091,127.28
2,boom21-2small,qsort,16,1292091,128.75
2,boom21-2small,qsort,16,1292091,128.29
2,boom21-2small,qsort,16,1292091,128.46
2,boom21-2small,qsort,16,1292091,129.04
2,boom21-2small,qsort,16,1292091,132.19
2,boom21-2small,qsort,16,1292091,146.5
2,boom21-2small,qsort,16,1292091,129.26
2,boom21-2small,qsort,16,1292091,131.32
2,boom21-2small,qsort,16,1292091,125.87
2,boom21-2small,qsort,16,1292091,127.02
2,boom21-2small,qsort,16,1292091,128.35
2,boom21-2small,qsort,16,1292091,129.37
2,boom21-2small,qsort,1,1292091,104.62
2,boom21-2small,vvadd,16,435571,31.95
2,boom21-2small,vvadd,16,435571,32.67
2,boom21-2small,vvadd,16,435571,32.13
2,boom21-2small,vvadd,16,435571,31.98
2,boom21-2small,vvadd,16,435571,32.35
2,boom21-2small,vvadd,16,435571,32.24
2,boom21-2small,vvadd,16,435571,32.31
2,boom21-2small,vvadd,16,435571,31.88
2,boom21-2small,vvadd,16,435571,33.14
2,boom21-2small,vvadd,16,435571,31.61
2,boom21-2small,vvadd,16,435571,32.68
2,boom21-2small,vvadd,16,435571,32.33
2,boom21-2small,vvadd,16,435571,32.44
2,boom21-2small,vvadd,16,435571,33.01
2,boom21-2small,vvadd,16,435571,32.11
2,boom21-2small,vvadd,16,435571,32.71
2,boom21-2small,vvadd,1,435571,25.78
2,boom21-large,qsort,16,1035715,200.71
2,boom21-large,qsort,16,1035715,200.04
2,boom21-large,qsort,16,1035715,253.25
2,boom21-large,qsort,16,1035715,195.54
2,boom21-large,qsort,16,1035715,196.84
2,boom21-large,qsort,16,1035715,195.03
2,boom21-large,qsort,16,1035715,197.07
2,boom21-large,qsort,16,1035715,197.98
2,boom21-large,qsort,16,1035715,196.92
2,boom21-large,qsort,16,1035715,193.81
2,boom21-large,qsort,16,1035715,201.23
2,boom21-large,qsort,16,1035715,203.46
2,boom21-large,qsort,16,1035715,199.74
2,boom21-large,qsort,16,1035715,218.68
2,boom21-large,qsort,16,1035715,186.66
2,boom21-large,qsort,16,1035715,190.4
2,boom21-large,qsort,1,1035715,118.94
2,boom21-large,vvadd,16,377711,46.31
2,boom21-large,vvadd,16,377711,46.71
2,boom21-large,vvadd,16,377711,46.68
2,boom21-large,vvadd,16,377711,47.15
2,boom21-large,vvadd,16,377711,46.63
2,boom21-large,vvadd,16,377711,48.48
2,boom21-large,vvadd,16,377711,47.24
2,boom21-large,vvadd,16,377711,47.0
2,boom21-large,vvadd,16,377711,47.76
2,boom21-large,vvadd,16,377711,47.5
2,boom21-large,vvadd,16,377711,47.42
2,boom21-large,vvadd,16,377711,47.44
2,boom21-large,vvadd,16,377711,46.45
2,boom21-large,vvadd,16,377711,47.07
2,boom21-large,vvadd,16,377711,47.48
2,boom21-large,vvadd,16,377711,47.08
2,boom21-large,vvadd,1,377711,32.83
2,boom21-small,qsort,16,1287655,62.17
2,boom21-small,qsort,16,1287655,62.8
2,boom21-small,qsort,16,1287655,61.42
2,boom21-small,qsort,16,1287655,62.52
2,boom21-small,qsort,16,1287655,62.68
2,boom21-small,qsort,16,1287655,62.8
2,boom21-small,qsort,16,1287655,61.87
2,boom21-small,qsort,16,1287655,59.8
2,boom21-small,qsort,16,1287655,63.99
2,boom21-small,qsort,16,1287655,63.34
2,boom21-small,qsort,16,1287655,62.57
2,boom21-small,qsort,16,1287655,59.61
2,boom21-small,qsort,16,1287655,59.42
2,boom21-small,qsort,16,1287655,59.88
2,boom21-small,qsort,16,1287655,61.82
2,boom21-small,qsort,16,1287655,60.4
2,boom21-small,qsort,1,1287655,56.45
2,boom21-small,vvadd,16,432839,15.21
2,boom21-small,vvadd,16,432839,17.62
2,boom21-small,vvadd,16,432839,15.78
2,boom21-small,vvadd,16,432839,15.99
2,boom21-small,vvadd,16,432839,15.32
2,boom21-small,vvadd,16,432839,14.69
2,boom21-small,vvadd,16,432839,15.12
2,boom21-small,vvadd,16,432839,15.42
2,boom21-small,vvadd,16,432839,15.29
2,boom21-small,vvadd,16,432839,14.91
2,boom21-small,vvadd,16,432839,14.87
2,boom21-small,vvadd,16,432839,15.52
2,boom21-small,vvadd,16,432839,15.06
2,boom21-small,vvadd,16,432839,15.21
2,boom21-small,vvadd,16,432839,15.75
2,boom21-small,vvadd,16,432839,14.99
2,boom21-small,vvadd,1,432839,13.47
2,rocket21-1c,qsort,16,793459,11.76
2,rocket21-1c,qsort,16,793459,11.56
2,rocket21-1c,qsort,16,793459,11.83
2,rocket21-1c,qsort,16,793459,11.45
2,rocket21-1c,qsort,16,793459,11.65
2,rocket21-1c,qsort,16,793459,11.21
2,rocket21-1c,qsort,16,793459,11.9
2,rocket21-1c,qsort,16,793459,11.23
2,rocket21-1c,qsort,16,793459,11.7
2,rocket21-1c,qsort,16,793459,11.33
2,rocket21-1c,qsort,16,793459,11.42
2,rocket21-1c,qsort,16,793459,11.7
2,rocket21-1c,qsort,16,793459,11.69
2,rocket21-1c,qsort,16,793459,11.36
2,rocket21-1c,qsort,16,793459,11.53
2,rocket21-1c,qsort,16,793459,11.61
2,rocket21-1c,qsort,1,793459,10.54
2,rocket21-1c,vvadd,16,237215,3.76
2,rocket21-1c,vvadd,16,237215,3.71
2,rocket21-1c,vvadd,16,237215,3.63
2,rocket21-1c,vvadd,16,237215,3.84
2,rocket21-1c,vvadd,16,237215,3.77
2,rocket21-1c,vvadd,16,237215,3.7
2,rocket21-1c,vvadd,16,237215,3.79
2,rocket21-1c,vvadd,16,237215,3.84
2,rocket21-1c,vvadd,16,237215,3.74
2,rocket21-1c,vvadd,16,237215,4.18
2,rocket21-1c,vvadd,16,237215,3.64
2,rocket21-1c,vvadd,16,237215,3.71
2,rocket21-1c,vvadd,16,237215,3.74
2,rocket21-1c,vvadd,16,237215,3.77
2,rocket21-1c,vvadd,16,237215,3.65
2,rocket21-1c,vvadd,16,237215,3.65
2,rocket21-1c,vvadd,1,237215,3.48
2,rocket21-2c,qsort,16,794619,18.32
2,rocket21-2c,qsort,16,794619,18.44
2,rocket21-2c,qsort,16,794619,19.12
2,rocket21-2c,qsort,16,794619,18.11
2,rocket21-2c,qsort,16,794619,18.31
2,rocket21-2c,qsort,16,794619,18.59
2,rocket21-2c,qsort,16,794619,18.42
2,rocket21-2c,qsort,16,794619,19.39
2,rocket21-2c,qsort,16,794619,19.89
2,rocket21-2c,qsort,16,794619,19.47
2,rocket21-2c,qsort,16,794619,19.33
2,rocket21-2c,qsort,16,794619,19.39
2,rocket21-2c,qsort,16,794619,19.66
2,rocket21-2c,qsort,16,794619,18.28
2,rocket21-2c,qsort,16,794619,19.0
2,rocket21-2c,qsort,16,794619,19.12
2,rocket21-2c,qsort,1,794619,17.48
2,rocket21-2c,vvadd,16,238411,5.46
2,rocket21-2c,vvadd,16,238411,5.51
2,rocket21-2c,vvadd,16,238411,5.52
2,rocket21-2c,vvadd,16,238411,5.33
2,rocket21-2c,vvadd,16,238411,5.32
2,rocket21-2c,vvadd,16,238411,5.5
2,rocket21-2c,vvadd,16,238411,5.47
2,rocket21-2c,vvadd,16,238411,5.57
2,rocket21-2c,vvadd,16,238411,5.57
2,rocket21-2c,vvadd,16,238411,5.27
2,rocket21-2c,vvadd,16,238411,6.53
2,rocket21-2c,vvadd,16,238411,5.57
2,rocket21-2c,vvadd,16,238411,5.31
2,rocket21-2c,vvadd,16,238411,5.29
2,rocket21-2c,vvadd,16,238411,5.29
2,rocket21-2c,vvadd,16,238411,5.32
2,rocket21-2c,vvadd,1,238411,4.76
3,boom21-2large,qsort,16,1040703,454.03
3,boom21-2large,qsort,16,1040703,494.03
3,boom21-2large,qsort,16,1040703,451.35
3,boom21-2large,qsort,16,1040703,456.65
3,boom21-2large,qsort,16,1040703,448.36
3,boom21-2large,qsort,16,1040703,456.09
3,boom21-2large,qsort,16,1040703,448.88
3,boom21-2large,qsort,16,1040703,460.32
3,boom21-2large,qsort,16,1040703,441.56
3,boom21-2large,qsort,16,1040703,452.12
3,boom21-2large,qsort,16,1040703,435.25
3,boom21-2large,qsort,16,1040703,448.1
3,boom21-2large,qsort,16,1040703,449.8
3,boom21-2large,qsort,16,1040703,446.39
3,boom21-2large,qsort,16,1040703,449.69
3,boom21-2large,qsort,16,1040703,570.83
3,boom21-2large,qsort,1,1040703,230.02
3,boom21-2large,vvadd,16,380383,104.73
3,boom21-2large,vvadd,16,380383,103.83
3,boom21-2large,vvadd,16,380383,140.38
3,boom21-2large,vvadd,16,380383,100.62
3,boom21-2large,vvadd,16,380383,105.05
3,boom21-2large,vvadd,16,380383,101.42
3,boom21-2large,vvadd,16,380383,105.24
3,boom21-2large,vvadd,16,380383,100.12
3,boom21-2large,vvadd,16,380383,101.87
3,boom21-2large,vvadd,16,380383,106.05
3,boom21-2large,vvadd,16,380383,106.96
3,boom21-2large,vvadd,16,380383,107.49
3,boom21-2large,vvadd,16,380383,105.28
3,boom21-2large,vvadd,16,380383,100.69
3,boom21-2large,vvadd,16,380383,101.83
3,boom21-2large,vvadd,16,380383,101.61
3,boom21-2large,vvadd,1,380383,64.61
3,boom21-2small,qsort,16,1292091,127.91
3,boom21-2small,qsort,16,1292091,128.24
3,boom21-2small,qsort,16,1292091,127.6
3,boom21-2small,qsort,16,1292091,130.5
3,boom21-2small,qsort,16,1292091,129.99
3,boom21-2small,qsort,16,1292091,130.48
3,boom21-2small,qsort,16,1292091,129.34
3,boom21-2small,qsort,16,1292091,128.13
3,boom21-2small,qsort,16,1292091,129.29
3,boom21-2small,qsort,16,1292091,128.43
3,boom21-2small,qsort,16,1292091,130.27
3,boom21-2small,qsort,16,1292091,129.22
3,boom21-2small,qsort,16,1292091,130.39
3,boom21-2small,qsort,16,1292091,128.42
3,boom21-2small,qsort,16,1292091,136.25
3,boom21-2small,qsort,16,1292091,127.42
3,boom21-2small,qsort,1,1292091,113.57
3,boom21-2small,vvadd,16,435571,33.02
3,boom21-2small,vvadd,16,435571,33.03
3,boom21-2small,vvadd,16,435571,31.47
3,boom21-2small,vvadd,16,435571,32.06
3,boom21-2small,vvadd,16,435571,32.18
3,boom21-2small,vvadd,16,435571,31.92
3,boom21-2small,vvadd,16,435571,31.82
3,boom21-2small,vvadd,16,435571,31.77
3,boom21-2small,vvadd,16,435571,32.08
3,boom21-2small,vvadd,16,435571,32.36
3,boom21-2small,vvadd,16,435571,32.23
3,boom21-2small,vvadd,16,435571,31.98
3,boom21-2small,vvadd,16,435571,32.56
3,boom21-2small,vvadd,16,435571,31.54
3,boom21-2small,vvadd,16,435571,31.97
3,boom21-2small,vvadd,16,435571,31.69
3,boom21-2small,vvadd,1,435571,26.5
3,boom21-large,qsort,16,1034587,193.59
3,boom21-large,qsort,16,1034587,226.12
3,boom21-large,qsort,16,1034587,191.74
3,boom21-large,qsort,16,1034587,194.51
3,boom21-large,qsort,16,1034587,209.22
3,boom21-large,qsort,16,1034587,191.67
3,boom21-large,qsort,16,1034587,195.47
3,boom21-large,qsort,16,1034587,198.24
3,boom21-large,qsort,16,1034587,195.8
3,boom21-large,qsort,16,1034587,199.54
3,boom21-large,qsort,16,1034587,195.69
3,boom21-large,qsort,16,1034587,199.08
3,boom21-large,qsort,16,1034587,267.7
3,boom21-large,qsort,16,1034587,193.02
3,boom21-large,qsort,16,1034587,199.74
3,boom21-large,qsort,16,1034587,195.83
3,boom21-large,qsort,1,1034587,113.16
3,boom21-large,vvadd,16,377807,47.6
3,boom21-large,vvadd,16,377807,45.19
3,boom21-large,vvadd,16,377807,46.8
3,boom21-large,vvadd,16,377807,47.74
3,boom21-large,vvadd,16,377807,48.34
3,boom21-large,vvadd,16,377807,47.49
3,boom21-large,vvadd,16,377807,45.91
3,boom21-large,vvadd,16,377807,47.13
3,boom21-large,vvadd,16,377807,54.17
3,boom21-large,vvadd,16,377807,47.94
3,boom21-large,vvadd,16,377807,46.67
3,boom21-large,vvadd,16,377807,47.65
3,boom21-large,vvadd,16,377807,46.95
3,boom21-large,vvadd,16,377807,48.47
3,boom21-large,vvadd,16,377807,47.33
3,boom21-large,vvadd,16,377807,46.9
3,boom21-large,vvadd,1,377807,31.06
3,boom21-small,qsort,16,1287655,61.12
3,boom21-small,qsort,16,1287655,61.31
3,boom21-small,qsort,16,1287655,61.3
3,boom21-small,qsort,16,1287655,61.58
3,boom21-small,qsort,16,1287655,61.87
3,boom21-small,qsort,16,1287655,69.25
3,boom21-small,qsort,16,1287655,60.12
3,boom21-small,qsort,16,1287655,60.63
3,boom21-small,qsort,16,1287655,60.75
3,boom21-small,qsort,16,1287655,62.03
3,boom21-small,qsort,16,1287655,60.44
3,boom21-small,qsort,16,1287655,60.59
3,boom21-small,qsort,16,1287655,61.32
3,boom21-small,qsort,16,1287655,61.92
3,boom21-small,qsort,16,1287655,60.43
3,boom21-small,qsort,16,1287655,60.8
3,boom21-small,qsort,1,1287655,56.05
3,boom21-small,vvadd,16,432839,14.94
3,boom21-small,vvadd,16,432839,15.19
3,boom21-small,vvadd,16,432839,15.51
3,boom21-small,vvadd,16,432839,15.13
3,boom21-small,vvadd,16,432839,15.54
3,boom21-small,vvadd,16,432839,15.49
3,boom21-small,vvadd,16,432839,15.38
3,boom21-small,vvadd,16,432839,15.15
3,boom21-small,vvadd,16,432839,15.09
3,boom21-small,vvadd,16,432839,15.44
3,boom21-small,vvadd,16,432839,15.54
3,boom21-small,vvadd,16,432839,14.96
3,boom21-small,vvadd,16,432839,15.07
3,boom21-small,vvadd,16,432839,15.52
3,boom21-small,vvadd,16,432839,15.5
3,boom21-small,vvadd,16,432839,15.95
3,boom21-small,vvadd,1,432839,13.45
3,rocket21-1c,qsort,16,793459,11.72
3,rocket21-1c,qsort,16,793459,11.82
3,rocket21-1c,qsort,16,793459,11.62
3,rocket21-1c,qsort,16,793459,11.58
3,rocket21-1c,qsort,16,793459,11.98
3,rocket21-1c,qsort,16,793459,11.6
3,rocket21-1c,qsort,16,793459,11.57
3,rocket21-1c,qsort,16,793459,11.79
3,rocket21-1c,qsort,16,793459,11.62
3,rocket21-1c,qsort,16,793459,11.59
3,rocket21-1c,qsort,16,793459,11.61
3,rocket21-1c,qsort,16,793459,11.52
3,rocket21-1c,qsort,16,793459,11.62
3,rocket21-1c,qsort,16,793459,11.61
3,rocket21-1c,qsort,16,793459,11.6
3,rocket21-1c,qsort,16,793459,11.65
3,rocket21-1c,qsort,1,793459,9.98
3,rocket21-1c,vvadd,16,237215,3.78
3,rocket21-1c,vvadd,16,237215,3.72
3,rocket21-1c,vvadd,16,237215,3.75
3,rocket21-1c,vvadd,16,237215,3.76
3,rocket21-1c,vvadd,16,237215,3.73
3,rocket21-1c,vvadd,16,237215,3.71
3,rocket21-1c,vvadd,16,237215,3.86
3,rocket21-1c,vvadd,16,237215,3.73
3,rocket21-1c,vvadd,16,237215,3.75
3,rocket21-1c,vvadd,16,237215,3.67
3,rocket21-1c,vvadd,16,237215,3.72
3,rocket21-1c,vvadd,16,237215,3.72
3,rocket21-1c,vvadd,16,237215,4.38
3,rocket21-1c,vvadd,16,237215,3.72
3,rocket21-1c,vvadd,16,237215,3.75
3,rocket21-1c,vvadd,16,237215,3.77
3,rocket21-1c,vvadd,1,237215,3.38
3,rocket21-2c,qsort,16,794619,19.16
3,rocket21-2c,qsort,16,794619,19.23
3,rocket21-2c,qsort,16,794619,19.57
3,rocket21-2c,qsort,16,794619,19.13
3,rocket21-2c,qsort,16,794619,19.67
3,rocket21-2c,qsort,16,794619,19.4
3,rocket21-2c,qsort,16,794619,19.17
3,rocket21-2c,qsort,16,794619,19.54
3,rocket21-2c,qsort,16,794619,19.17
3,rocket21-2c,qsort,16,794619,19.32
3,rocket21-2c,qsort,16,794619,19.24
3,rocket21-2c,qsort,16,794619,18.99
3,rocket21-2c,qsort,16,794619,19.09
3,rocket21-2c,qsort,16,794619,19.46
3,rocket21-2c,qsort,16,794619,19.08
3,rocket21-2c,qsort,16,794619,19.43
3,rocket21-2c,qsort,1,794619,16.14
3,rocket21-2c,vvadd,16,238411,5.48
3,rocket21-2c,vvadd,16,238411,5.35
3,rocket21-2c,vvadd,16,238411,5.53
3,rocket21-2c,vvadd,16,238411,5.44
3,rocket21-2c,vvadd,16,238411,5.59
3,rocket21-2c,vvadd,16,238411,5.52
3,rocket21-2c,vvadd,16,238411,5.29
3,rocket21-2c,vvadd,16,238411,5.51
3,rocket21-2c,vvadd,16,238411,5.25
3,rocket21-2c,vvadd,16,238411,5.32
3,rocket21-2c,vvadd,16,238411,5.26
3,rocket21-2c,vvadd,16,238411,5.48
3,rocket21-2c,vvadd,16,238411,5.35
3,rocket21-2c,vvadd,16,238411,5.38
3,rocket21-2c,vvadd,16,238411,5.54
3,rocket21-2c,vvadd,16,238411,5.32
3,rocket21-2c,vvadd,1,238411,4.55
4,boom21-2large,qsort,16,1039011,508.24
4,boom21-2large,qsort,16,1039011,387.6
4,boom21-2large,qsort,16,1039011,413.41
4,boom21-2large,qsort,16,1039011,403.72
4,boom21-2large,qsort,16,1039011,368.8
4,boom21-2large,qsort,16,1039011,426.48
4,boom21-2large,qsort,16,1039011,420.92
4,boom21-2large,qsort,16,1039011,430.85
4,boom21-2large,qsort,16,1039011,381.14
4,boom21-2large,qsort,16,1039011,518.61
4,boom21-2large,qsort,16,1039011,429.31
4,boom21-2large,qsort,16,1039011,549.81
4,boom21-2large,qsort,16,1039011,405.96
4,boom21-2large,qsort,16,1039011,413.13
4,boom21-2large,qsort,16,1039011,544.95
4,boom21-2large,qsort,16,1039011,539.31
4,boom21-2large,qsort,1,1039011,209.47
4,boom21-2large,vvadd,16,380419,95.96
4,boom21-2large,vvadd,16,380419,90.09
4,boom21-2large,vvadd,16,380419,95.06
4,boom21-2large,vvadd,16,380419,89.12
4,boom21-2large,vvadd,16,380419,94.39
4,boom21-2large,vvadd,16,380419,92.31
4,boom21-2large,vvadd,16,380419,97.04
4,boom21-2large,vvadd,16,380419,96.76
4,boom21-2large,vvadd,16,380419,97.12
4,boom21-2large,vvadd,16,380419,91.16
4,boom21-2large,vvadd,16,380419,95.64
4,boom21-2large,vvadd,16,380419,94.48
4,boom21-2large,vvadd,16,380419,104.55
4,boom21-2large,vvadd,16,380419,105.77
4,boom21-2large,vvadd,16,380419,98.01
4,boom21-2large,vvadd,16,380419,91.73
4,boom21-2large,vvadd,1,380419,57.57
4,boom21-2small,qsort,16,1292019,115.76
4,boom21-2small,qsort,16,1292019,115.04
4,boom21-2small,qsort,16,1292019,114.51
4,boom21-2small,qsort,16,1292019,117.51
4,boom21-2small,qsort,16,1292019,116.29
4,boom21-2small,qsort,16,1292019,117.09
4,boom21-2small,qsort,16,1292019,113.33
4,boom21-2small,qsort,16,1292019,117.52
4,boom21-2small,qsort,16,1292019,114.06
4,boom21-2small,qsort,16,1292019,118.96
4,boom21-2small,qsort,16,1292019,115.6
4,boom21-2small,qsort,16,1292019,119.12
4,boom21-2small,qsort,16,1292019,113.81
4,boom21-2small,qsort,16,1292019,115.46
4,boom21-2small,qsort,16,1292019,131.21
4,boom21-2small,qsort,16,1292019,114.43
4,boom21-2small,qsort,1,1292019,100.09
4,boom21-2small,vvadd,16,435655,29.23
4,boom21-2small,vvadd,16,435655,28.19
4,boom21-2small,vvadd,16,435655,28.84
4,boom21-2small,vvadd,16,435655,28.44
4,boom21-2small,vvadd,16,435655,29.74
4,boom21-2small,vvadd,16,435655,28.7
4,boom21-2small,vvadd,16,435655,28.74
4,boom21-2small,vvadd,16,435655,29.33
4,boom21-2small,vvadd,16,435655,28.55
4,boom21-2small,vvadd,16,435655,33.68
4,boom21-2small,vvadd,16,435655,28.36
4,boom21-2small,vvadd,16,435655,29.73
4,boom21-2small,vvadd,16,435655,29.06
4,boom21-2small,vvadd,16,435655,28.58
4,boom21-2small,vvadd,16,435655,28.6
4,boom21-2small,vvadd,16,435655,28.79
4,boom21-2small,vvadd,1,435655,24.77
4,boom21-large,qsort,16,1035679,199.61
4,boom21-large,qsort,16,1035679,198.52
4,boom21-large,qsort,16,1035679,189.19
4,boom21-large,qsort,16,1035679,195.84
4,boom21-large,qsort,16,1035679,202.8
4,boom21-large,qsort,16,1035679,222.79
4,boom21-large,qsort,16,1035679,197.87
4,boom21-large,qsort,16,1035679,185.54
4,boom21-large,qsort,16,1035679,190.22
4,boom21-large,qsort,16,1035679,253.33
4,boom21-large,qsort,16,1035679,195.56
4,boom21-large,qsort,16,1035679,197.88
4,boom21-large,qsort,16,1035679,199.49
4,boom21-large,qsort,16,1035679,186.19
4,boom21-large,qsort,16,1035679,192.47
4,boom21-large,qsort,16,1035679,195.23
4,boom21-large,qsort,1,1035679,118.53
4,boom21-large,vvadd,16,377579,46.27
4,boom21-large,vvadd,16,377579,45.82
4,boom21-large,vvadd,16,377579,46.37
4,boom21-large,vvadd,16,377579,46.73
4,boom21-large,vvadd,16,377579,46.76
4,boom21-large,vvadd,16,377579,46.05
4,boom21-large,vvadd,16,377579,47.48
4,boom21-large,vvadd,16,377579,48.21
4,boom21-large,vvadd,16,377579,47.25
4,boom21-large,vvadd,16,377579,47.62
4,boom21-large,vvadd,16,377579,48.57
4,boom21-large,vvadd,16,377579,46.84
4,boom21-large,vvadd,16,377579,46.23
4,boom21-large,vvadd,16,377579,46.72
4,boom21-large,vvadd,16,377579,47.27
4,boom21-large,vvadd,16,377579,47.02
4,boom21-large,vvadd,1,377579,35.9
4,boom21-small,qsort,16,1287655,61.69
4,boom21-small,qsort,16,1287655,60.65
4,boom21-small,qsort,16,1287655,60.22
4,boom21-small,qsort,16,1287655,61.67
4,boom21-small,qsort,16,1287655,61.16
4,boom21-small,qsort,16,1287655,61.54
4,boom21-small,qsort,16,1287655,61.54
4,boom21-small,qsort,16,1287655,60.32
4,boom21-small,qsort,16,1287655,62.52
4,boom21-small,qsort,16,1287655,61.28
4,boom21-small,qsort,16,1287655,61.25
4,boom21-small,qsort,16,1287655,62.0
4,boom21-small,qsort,16,1287655,61.43
4,boom21-small,qsort,16,1287655,61.66
4,boom21-small,qsort,16,1287655,61.72
4,boom21-small,qsort,16,1287655,62.21
4,boom21-small,qsort,1,1287655,55.1
4,boom21-small,vvadd,16,432839,15.09
4,boom21-small,vvadd,16,432839,15.37
4,boom21-small,vvadd,16,432839,15.29
4,boom21-small,vvadd,16,432839,15.71
4,boom21-small,vvadd,16,432839,15.12
4,boom21-small,vvadd,16,432839,15.62
4,boom21-small,vvadd,16,432839,15.28
4,boom21-small,vvadd,16,432839,15.15
4,boom21-small,vvadd,16,432839,15.37
4,boom21-small,vvadd,16,432839,15.6
4,boom21-small,vvadd,16,432839,15.48
4,boom21-small,vvadd,16,432839,15.26
4,boom21-small,vvadd,16,432839,15.51
4,boom21-small,vvadd,16,432839,15.62
4,boom21-small,vvadd,16,432839,15.31
4,boom21-small,vvadd,16,432839,15.38
4,boom21-small,vvadd,1,432839,13.78
4,rocket21-1c,qsort,16,793459,11.55
4,rocket21-1c,qsort,16,793459,11.83
4,rocket21-1c,qsort,16,793459,11.87
4,rocket21-1c,qsort,16,793459,11.54
4,rocket21-1c,qsort,16,793459,11.74
4,rocket21-1c,qsort,16,793459,11.92
4,rocket21-1c,qsort,16,793459,11.69
4,rocket21-1c,qsort,16,793459,11.65
4,rocket21-1c,qsort,16,793459,11.68
4,rocket21-1c,qsort,16,793459,11.73
4,rocket21-1c,qsort,16,793459,11.64
4,rocket21-1c,qsort,16,793459,11.59
4,rocket21-1c,qsort,16,793459,11.68
4,rocket21-1c,qsort,16,793459,11.67
4,rocket21-1c,qsort,16,793459,11.64
4,rocket21-1c,qsort,16,793459,11.62
4,rocket21-1c,qsort,1,793459,10.6
4,rocket21-1c,vvadd,16,237215,3.77
4,rocket21-1c,vvadd,16,237215,3.73
4,rocket21-1c,vvadd,16,237215,3.79
4,rocket21-1c,vvadd,16,237215,3.76
4,rocket21-1c,vvadd,16,237215,3.75
4,rocket21-1c,vvadd,16,237215,4.4
4,rocket21-1c,vvadd,16,237215,3.73
4,rocket21-1c,vvadd,16,237215,3.77
4,rocket21-1c,vvadd,16,237215,3.77
4,rocket21-1c,vvadd,16,237215,3.76
4,rocket21-1c,vvadd,16,237215,3.82
4,rocket21-1c,vvadd,16,237215,3.78
4,rocket21-1c,vvadd,16,237215,3.75
4,rocket21-1c,vvadd,16,237215,3.74
4,rocket21-1c,vvadd,16,237215,3.78
4,rocket21-1c,vvadd,16,237215,3.76
4,rocket21-1c,vvadd,1,237215,3.26
4,rocket21-2c,qsort,16,794619,15.92
4,rocket21-2c,qsort,16,794619,16.7
4,rocket21-2c,qsort,16,794619,15.76
4,rocket21-2c,qsort,16,794619,15.91
4,rocket21-2c,qsort,16,794619,15.91
4,rocket21-2c,qsort,16,794619,15.71
4,rocket21-2c,qsort,16,794619,16.17
4,rocket21-2c,qsort,16,794619,15.95
4,rocket21-2c,qsort,16,794619,16.25
4,rocket21-2c,qsort,16,794619,15.65
4,rocket21-2c,qsort,16,794619,15.86
4,rocket21-2c,qsort,16,794619,15.94
4,rocket21-2c,qsort,16,794619,15.6
4,rocket21-2c,qsort,16,794619,15.84
4,rocket21-2c,qsort,16,794619,15.63
4,rocket21-2c,qsort,16,794619,16.89
4,rocket21-2c,qsort,1,794619,14.46
4,rocket21-2c,vvadd,16,238411,4.49
4,rocket21-2c,vvadd,16,238411,4.57
4,rocket21-2c,vvadd,16,238411,5.34
4,rocket21-2c,vvadd,16,238411,4.57
4,rocket21-2c,vvadd,16,238411,4.67
4,rocket21-2c,vvadd,16,238411,4.6
4,rocket21-2c,vvadd,16,238411,4.58
4,rocket21-2c,vvadd,16,238411,4.57
4,rocket21-2c,vvadd,16,238411,4.52
4,rocket21-2c,vvadd,16,238411,4.54
4,rocket21-2c,vvadd,16,238411,4.57
4,rocket21-2c,vvadd,16,238411,4.6
4,rocket21-2c,vvadd,16,238411,4.56
4,rocket21-2c,vvadd,16,238411,4.56
4,rocket21-2c,vvadd,16,238411,4.68
4,rocket21-2c,vvadd,16,238411,4.54
4,rocket21-2c,vvadd,1,238411,3.81
5,boom21-2large,qsort,16,1040643,452.84
5,boom21-2large,qsort,16,1040643,434.92
5,boom21-2large,qsort,16,1040643,394.45
5,boom21-2large,qsort,16,1040643,405.66
5,boom21-2large,qsort,16,1040643,437.08
5,boom21-2large,qsort,16,1040643,433.49
5,boom21-2large,qsort,16,1040643,394.33
5,boom21-2large,qsort,16,1040643,403.28
5,boom21-2large,qsort,16,1040643,406.45
5,boom21-2large,qsort,16,1040643,441.85
5,boom21-2large,qsort,16,1040643,399.95
5,boom21-2large,qsort,16,1040643,450.65
5,boom21-2large,qsort,16,1040643,397.92
5,boom21-2large,qsort,16,1040643,437.16
5,boom21-2large,qsort,16,1040643,511.71
5,boom21-2large,qsort,16,1040643,428.13
5,boom21-2large,qsort,1,1040643,201.0
5,boom21-2large,vvadd,16,380359,101.22
5,boom21-2large,vvadd,16,380359,101.17
5,boom21-2large,vvadd,16,380359,96.0
5,boom21-2large,vvadd,16,380359,96.15
5,boom21-2large,vvadd,16,380359,96.56
5,boom21-2large,vvadd,16,380359,86.29
5,boom21-2large,vvadd,16,380359,99.65
5,boom21-2large,vvadd,16,380359,93.03
5,boom21-2large,vvadd,16,380359,102.12
5,boom21-2large,vvadd,16,380359,100.43
5,boom21-2large,vvadd,16,380359,84.44
5,boom21-2large,vvadd,16,380359,87.89
5,boom21-2large,vvadd,16,380359,95.19
5,boom21-2large,vvadd,16,380359,87.16
5,boom21-2large,vvadd,16,380359,83.35
5,boom21-2large,vvadd,16,380359,83.07
5,boom21-2large,vvadd,1,380359,56.16
5,boom21-2small,qsort,16,1292367,125.74
5,boom21-2small,qsort,16,1292367,122.92
5,boom21-2small,qsort,16,1292367,124.73
5,boom21-2small,qsort,16,1292367,121.65
5,boom21-2small,qsort,16,1292367,126.36
5,boom21-2small,qsort,16,1292367,133.6
5,boom21-2small,qsort,16,1292367,123.93
5,boom21-2small,qsort,16,1292367,122.5
5,boom21-2small,qsort,16,1292367,125.78
5,boom21-2small,qsort,16,1292367,122.91
5,boom21-2small,qsort,16,1292367,124.77
5,boom21-2small,qsort,16,1292367,123.68
5,boom21-2small,qsort,16,1292367,125.87
5,boom21-2small,qsort,16,1292367,123.35
5,boom21-2small,qsort,16,1292367,122.37
5,boom21-2small,qsort,16,1292367,123.87
5,boom21-2small,qsort,1,1292367,107.79
5,boom21-2small,vvadd,16,435595,31.33
5,boom21-2small,vvadd,16,435595,30.11
5,boom21-2small,vvadd,16,435595,30.43
5,boom21-2small,vvadd,16,435595,30.56
5,boom21-2small,vvadd,16,435595,30.01
5,boom21-2small,vvadd,16,435595,31.65
5,boom21-2small,vvadd,16,435595,31.41
5,boom21-2small,vvadd,16,435595,31.25
5,boom21-2small,vvadd,16,435595,31.24
5,boom21-2small,vvadd,16,435595,30.5
5,boom21-2small,vvadd,16,435595,29.54
5,boom21-2small,vvadd,16,435595,31.1
5,boom21-2small,vvadd,16,435595,30.09
5,boom21-2small,vvadd,16,435595,32.22
5,boom21-2small,vvadd,16,435595,31.11
5,boom21-2small,vvadd,16,435595,29.97
5,boom21-2small,vvadd,1,435595,26.82
5,boom21-large,qsort,16,1034563,202.81
5,boom21-large,qsort,16,1034563,214.19
5,boom21-large,qsort,16,1034563,184.89
5,boom21-large,qsort,16,1034563,190.47
5,boom21-large,qsort,16,1034563,208.52
5,boom21-large,qsort,16,1034563,260.52
5,boom21-large,qsort,16,1034563,198.77
5,boom21-large,qsort,16,1034563,212.46
5,boom21-large,qsort,16,1034563,211.01
5,boom21-large,qsort,16,1034563,183.21
5,boom21-large,qsort,16,1034563,184.64
5,boom21-large,qsort,16,1034563,220.52
5,boom21-large,qsort,16,1034563,189.58
5,boom21-large,qsort,16,1034563,189.1
5,boom21-large,qsort,16,1034563,209.26
5,boom21-large,qsort,16,1034563,191.46
5,boom21-large,qsort,1,1034563,116.2
5,boom21-large,vvadd,16,377795,47.99
5,boom21-large,vvadd,16,377795,50.11
5,boom21-large,vvadd,16,377795,43.85
5,boom21-large,vvadd,16,377795,43.88
5,boom21-large,vvadd,16,377795,49.34
5,boom21-large,vvadd,16,377795,43.47
5,boom21-large,vvadd,16,377795,49.98
5,boom21-large,vvadd,16,377795,44.35
5,boom21-large,vvadd,16,377795,49.0
5,boom21-large,vvadd,16,377795,49.44
5,boom21-large,vvadd,16,377795,56.59
5,boom21-large,vvadd,16,377795,44.78
5,boom21-large,vvadd,16,377795,49.15
5,boom21-large,vvadd,16,377795,48.76
5,boom21-large,vvadd,16,377795,51.68
5,boom21-large,vvadd,16,377795,44.01
5,boom21-large,vvadd,1,377795,32.41
5,boom21-small,qsort,16,1287655,62.56
5,boom21-small,qsort,16,1287655,63.37
5,boom21-small,qsort,16,1287655,61.47
5,boom21-small,qsort,16,1287655,61.16
5,boom21-small,qsort,16,1287655,61.66
5,boom21-small,qsort,16,1287655,61.77
5,boom21-small,qsort,16,1287655,62.6
5,boom21-small,qsort,16,1287655,59.93
5,boom21-small,qsort,16,1287655,61.36
5,boom21-small,qsort,16,1287655,60.09
5,boom21-small,qsort,16,1287655,61.17
5,boom21-small,qsort,16,1287655,60.93
5,boom21-small,qsort,16,1287655,62.39
5,boom21-small,qsort,16,1287655,62.14
5,boom21-small,qsort,16,1287655,61.05
5,boom21-small,qsort,16,1287655,61.32
5,boom21-small,qsort,1,1287655,55.8
5,boom21-small,vvadd,16,432839,15.45
5,boom21-small,vvadd,16,432839,15.52
5,boom21-small,vvadd,16,432839,15.49
5,boom21-small,vvadd,16,432839,15.59
5,boom21-small,vvadd,16,432839,15.35
5,boom21-small,vvadd,16,432839,15.23
5,boom21-small,vvadd,16,432839,15.48
5,boom21-small,vvadd,16,432839,15.03
5,boom21-small,vvadd,16,432839,15.31
5,boom21-small,vvadd,16,432839,15.1
5,boom21-small,vvadd,16,432839,15.59
5,boom21-small,vvadd,16,432839,17.38
5,boom21-small,vvadd,16,432839,15.34
5,boom21-small,vvadd,16,432839,15.14
5,boom21-small,vvadd,16,432839,15.49
5,boom21-small,vvadd,16,432839,15.61
5,boom21-small,vvadd,1,432839,13.98
5,rocket21-1c,qsort,16,793459,11.47
5,rocket21-1c,qsort,16,793459,11.58
5,rocket21-1c,qsort,16,793459,11.76
5,rocket21-1c,qsort,16,793459,11.54
5,rocket21-1c,qsort,16,793459,11.73
5,rocket21-1c,qsort,16,793459,11.67
5,rocket21-1c,qsort,16,793459,11.58
5,rocket21-1c,qsort,16,793459,11.54
5,rocket21-1c,qsort,16,793459,11.64
5,rocket21-1c,qsort,16,793459,11.68
5,rocket21-1c,qsort,16,793459,11.72
5,rocket21-1c,qsort,16,793459,11.51
5,rocket21-1c,qsort,16,793459,11.6
5,rocket21-1c,qsort,16,793459,11.7
5,rocket21-1c,qsort,16,793459,11.78
5,rocket21-1c,qsort,16,793459,11.64
5,rocket21-1c,qsort,1,793459,10.73
5,rocket21-1c,vvadd,16,237215,3.78
5,rocket21-1c,vvadd,16,237215,3.75
5,rocket21-1c,vvadd,16,237215,3.76
5,rocket21-1c,vvadd,16,237215,3.81
5,rocket21-1c,vvadd,16,237215,3.79
5,rocket21-1c,vvadd,16,237215,3.77
5,rocket21-1c,vvadd,16,237215,3.83
5,rocket21-1c,vvadd,16,237215,3.82
5,rocket21-1c,vvadd,16,237215,3.76
5,rocket21-1c,vvadd,16,237215,3.75
5,rocket21-1c,vvadd,16,237215,3.74
5,rocket21-1c,vvadd,16,237215,3.78
5,rocket21-1c,vvadd,16,237215,3.73
5,rocket21-1c,vvadd,16,237215,3.81
5,rocket21-1c,vvadd,16,237215,3.75
5,rocket21-1c,vvadd,16,237215,3.83
5,rocket21-1c,vvadd,1,237215,3.5
5,rocket21-2c,qsort,16,794619,16.53
5,rocket21-2c,qsort,16,794619,17.16
5,rocket21-2c,qsort,16,794619,16.79
5,rocket21-2c,qsort,16,794619,16.5
5,rocket21-2c,qsort,16,794619,16.47
5,rocket21-2c,qsort,16,794619,16.79
5,rocket21-2c,qsort,16,794619,16.6
5,rocket21-2c,qsort,16,794619,16.8
5,rocket21-2c,qsort,16,794619,16.66
5,rocket21-2c,qsort,16,794619,16.73
5,rocket21-2c,qsort,16,794619,17.03
5,rocket21-2c,qsort,16,794619,16.79
5,rocket21-2c,qsort,16,794619,17.22
5,rocket21-2c,qsort,16,794619,16.85
5,rocket21-2c,qsort,16,794619,16.8
5,rocket21-2c,qsort,16,794619,16.49
5,rocket21-2c,qsort,1,794619,15.08
5,rocket21-2c,vvadd,16,238411,4.73
5,rocket21-2c,vvadd,16,238411,4.71
5,rocket21-2c,vvadd,16,238411,4.73
5,rocket21-2c,vvadd,16,238411,4.84
5,rocket21-2c,vvadd,16,238411,4.73
5,rocket21-2c,vvadd,16,238411,4.84
5,rocket21-2c,vvadd,16,238411,4.73
5,rocket21-2c,vvadd,16,238411,4.79
5,rocket21-2c,vvadd,16,238411,4.77
5,rocket21-2c,vvadd,16,238411,4.73
5,rocket21-2c,vvadd,16,238411,4.82
5,rocket21-2c,vvadd,16,238411,4.83
5,rocket21-2c,vvadd,16,238411,4.76
5,rocket21-2c,vvadd,16,238411,4.78
5,rocket21-2c,vvadd,16,238411,4.82
5,rocket21-2c,vvadd,16,238411,4.83
5,rocket21-2c,vvadd,1,238411,4.27
6,boom21-2large,qsort,16,1040643,467.37
6,boom21-2large,qsort,16,1040643,393.65
6,boom21-2large,qsort,16,1040643,379.82
6,boom21-2large,qsort,16,1040643,396.09
6,boom21-2large,qsort,16,1040643,508.0
6,boom21-2large,qsort,16,1040643,403.97
6,boom21-2large,qsort,16,1040643,402.27
6,boom21-2large,qsort,16,1040643,392.56
6,boom21-2large,qsort,16,1040643,389.87
6,boom21-2large,qsort,16,1040643,402.32
6,boom21-2large,qsort,16,1040643,389.9
6,boom21-2large,qsort,16,1040643,381.08
6,boom21-2large,qsort,16,1040643,502.54
6,boom21-2large,qsort,16,1040643,400.48
6,boom21-2large,qsort,16,1040643,396.69
6,boom21-2large,qsort,16,1040643,392.02
6,boom21-2large,qsort,1,1040643,200.83
6,boom21-2large,vvadd,16,380383,94.88
6,boom21-2large,vvadd,16,380383,117.4
6,boom21-2large,vvadd,16,380383,93.26
6,boom21-2large,vvadd,16,380383,99.08
6,boom21-2large,vvadd,16,380383,88.81
6,boom21-2large,vvadd,16,380383,85.17
6,boom21-2large,vvadd,16,380383,77.26
6,boom21-2large,vvadd,16,380383,83.96
6,boom21-2large,vvadd,16,380383,80.38
6,boom21-2large,vvadd,16,380383,85.58
6,boom21-2large,vvadd,16,380383,96.73
6,boom21-2large,vvadd,16,380383,79.32
6,boom21-2large,vvadd,16,380383,90.46
6,boom21-2large,vvadd,16,380383,83.04
6,boom21-2large,vvadd,16,380383,92.34
6,boom21-2large,vvadd,16,380383,91.41
6,boom21-2large,vvadd,1,380383,53.88
6,boom21-2small,qsort,16,1291947,127.29
6,boom21-2small,qsort,16,1291947,118.31
6,boom21-2small,qsort,16,1291947,137.88
6,boom21-2small,qsort,16,1291947,131.14
6,boom21-2small,qsort,16,1291947,126.05
6,boom21-2small,qsort,16,1291947,123.4
6,boom21-2small,qsort,16,1291947,126.29
6,boom21-2small,qsort,16,1291947,127.05
6,boom21-2small,qsort,16,1291947,134.67
6,boom21-2small,qsort,16,1291947,116.31
6,boom21-2small,qsort,16,1291947,120.87
6,boom21-2small,qsort,16,1291947,125.55
6,boom21-2small,qsort,16,1291947,119.08
6,boom21-2small,qsort,16,1291947,127.17
6,boom21-2small,qsort,16,1291947,130.16
6,boom21-2small,qsort,16,1291947,119.99
6,boom21-2small,qsort,1,1291947,102.49
6,boom21-2small,vvadd,16,435367,30.73
6,boom21-2small,vvadd,16,435367,31.09
6,boom21-2small,vvadd,16,435367,31.26
6,boom21-2small,vvadd,16,435367,29.63
6,boom21-2small,vvadd,16,435367,31.03
6,boom21-2small,vvadd,16,435367,30.29
6,boom21-2small,vvadd,16,435367,30.07
6,boom21-2small,vvadd,16,435367,29.84
6,boom21-2small,vvadd,16,435367,31.38
6,boom21-2small,vvadd,16,435367,31.25
6,boom21-2small,vvadd,16,435367,30.25
6,boom21-2small,vvadd,16,435367,30.3
6,boom21-2small,vvadd,16,435367,30.93
6,boom21-2small,vvadd,16,435367,30.28
6,boom21-2small,vvadd,16,435367,29.69
6,boom21-2small,vvadd,16,435367,29.37
6,boom21-2small,vvadd,1,435367,26.72
6,boom21-large,qsort,16,1034563,202.16
6,boom21-large,qsort,16,1034563,209.19
6,boom21-large,qsort,16,1034563,181.85
6,boom21-large,qsort,16,1034563,204.43
6,boom21-large,qsort,16,1034563,183.82
6,boom21-large,qsort,16,1034563,272.82
6,boom21-large,qsort,16,1034563,209.29
6,boom21-large,qsort,16,1034563,211.33
6,boom21-large,qsort,16,1034563,184.95
6,boom21-large,qsort,16,1034563,189.09
6,boom21-large,qsort,16,1034563,208.87
6,boom21-large,qsort,16,1034563,187.73
6,boom21-large,qsort,16,1034563,178.59
6,boom21-large,qsort,16,1034563,212.78
6,boom21-large,qsort,16,1034563,209.62
6,boom21-large,qsort,16,1034563,209.04
6,boom21-large,qsort,1,1034563,115.18
6,boom21-large,vvadd,16,377795,43.25
6,boom21-large,vvadd,16,377795,49.93
6,boom21-large,vvadd,16,377795,49.9
6,boom21-large,vvadd,16,377795,49.83
6,boom21-large,vvadd,16,377795,49.69
6,boom21-large,vvadd,16,377795,42.88
6,boom21-large,vvadd,16,377795,48.79
6,boom21-large,vvadd,16,377795,49.5
6,boom21-large,vvadd,16,377795,49.16
6,boom21-large,vvadd,16,377795,43.48
6,boom21-large,vvadd,16,377795,54.66
6,boom21-large,vvadd,16,377795,49.66
6,boom21-large,vvadd,16,377795,49.29
6,boom21-large,vvadd,16,377795,43.7
6,boom21-large,vvadd,16,377795,42.74
6,boom21-large,vvadd,16,377795,50.44
6,boom21-large,vvadd,1,377795,31.24
6,boom21-small,qsort,16,1287655,62.48
6,boom21-small,qsort,16,1287655,63.18
6,boom21-small,qsort,16,1287655,60.68
6,boom21-small,qsort,16,1287655,62.08
6,boom21-small,qsort,16,1287655,62.12
6,boom21-small,qsort,16,1287655,62.13
6,boom21-small,qsort,16,1287655,60.95
6,boom21-small,qsort,16,1287655,61.89
6,boom21-small,qsort,16,1287655,60.04
6,boom21-small,qsort,16,1287655,62.54
6,boom21-small,qsort,16,1287655,60.76
6,boom21-small,qsort,16,1287655,60.8
6,boom21-small,qsort,16,1287655,62.16
6,boom21-small,qsort,16,1287655,62.71
6,boom21-small,qsort,16,1287655,60.95
6,boom21-small,qsort,16,1287655,62.27
6,boom21-small,qsort,1,1287655,56.5
6,boom21-small,vvadd,16,432839,15.48
6,boom21-small,vvadd,16,432839,15.8
6,boom21-small,vvadd,16,432839,15.69
6,boom21-small,vvadd,16,432839,15.87
6,boom21-small,vvadd,16,432839,15.48
6,boom21-small,vvadd,16,432839,15.73
6,boom21-small,vvadd,16,432839,15.16
6,boom21-small,vvadd,16,432839,15.43
6,boom21-small,vvadd,16,432839,15.57
6,boom21-small,vvadd,16,432839,15.49
6,boom21-small,vvadd,16,432839,15.51
6,boom21-small,vvadd,16,432839,15.82
6,boom21-small,vvadd,16,432839,15.28
6,boom21-small,vvadd,16,432839,15.56
6,boom21-small,vvadd,16,432839,15.8
6,boom21-small,vvadd,16,432839,15.31
6,boom21-small,vvadd,1,432839,13.78
6,rocket21-1c,qsort,16,793459,11.75
6,rocket21-1c,qsort,16,793459,11.68
6,rocket21-1c,qsort,16,793459,11.72
6,rocket21-1c,qsort,16,793459,11.6
6,rocket21-1c,qsort,16,793459,11.74
6,rocket21-1c,qsort,16,793459,11.62
6,rocket21-1c,qsort,16,793459,11.63
6,rocket21-1c,qsort,16,793459,11.7
6,rocket21-1c,qsort,16,793459,11.64
6,rocket21-1c,qsort,16,793459,11.62
6,rocket21-1c,qsort,16,793459,11.68
6,rocket21-1c,qsort,16,793459,11.83
6,rocket21-1c,qsort,16,793459,11.61
6,rocket21-1c,qsort,16,793459,11.86
6,rocket21-1c,qsort,16,793459,11.69
6,rocket21-1c,qsort,16,793459,11.64
6,rocket21-1c,qsort,1,793459,10.23
6,rocket21-1c,vvadd,16,237215,3.91
6,rocket21-1c,vvadd,16,237215,3.81
6,rocket21-1c,vvadd,16,237215,3.76
6,rocket21-1c,vvadd,16,237215,3.88
6,rocket21-1c,vvadd,16,237215,3.76
6,rocket21-1c,vvadd,16,237215,3.83
6,rocket21-1c,vvadd,16,237215,3.78
6,rocket21-1c,vvadd,16,237215,3.85
6,rocket21-1c,vvadd,16,237215,3.82
6,rocket21-1c,vvadd,16,237215,4.27
6,rocket21-1c,vvadd,16,237215,3.78
6,rocket21-1c,vvadd,16,237215,3.85
6,rocket21-1c,vvadd,16,237215,3.84
6,rocket21-1c,vvadd,16,237215,3.88
6,rocket21-1c,vvadd,16,237215,3.86
6,rocket21-1c,vvadd,16,237215,3.85
6,rocket21-1c,vvadd,1,237215,3.49
6,rocket21-2c,qsort,16,794619,16.25
6,rocket21-2c,qsort,16,794619,15.97
6,rocket21-2c,qsort,16,794619,16.04
6,rocket21-2c,qsort,16,794619,16.29
6,rocket21-2c,qsort,16,794619,16.55
6,rocket21-2c,qsort,16,794619,16.39
6,rocket21-2c,qsort,16,794619,16.23
6,rocket21-2c,qsort,16,794619,16.25
6,rocket21-2c,qsort,16,794619,15.95
6,rocket21-2c,qsort,16,794619,16.18
6,rocket21-2c,qsort,16,794619,16.3
6,rocket21-2c,qsort,16,794619,16.05
6,rocket21-2c,qsort,16,794619,16.56
6,rocket21-2c,qsort,16,794619,16.34
6,rocket21-2c,qsort,16,794619,16.08
6,rocket21-2c,qsort,16,794619,16.26
6,rocket21-2c,qsort,1,794619,14.15
6,rocket21-2c,vvadd,16,238411,4.76
6,rocket21-2c,vvadd,16,238411,4.75
6,rocket21-2c,vvadd,16,238411,4.65
6,rocket21-2c,vvadd,16,238411,4.73
6,rocket21-2c,vvadd,16,238411,4.64
6,rocket21-2c,vvadd,16,238411,4.71
6,rocket21-2c,vvadd,16,238411,4.67
6,rocket21-2c,vvadd,16,238411,4.64
6,rocket21-2c,vvadd,16,238411,4.59
6,rocket21-2c,vvadd,16,238411,4.61
6,rocket21-2c,vvadd,16,238411,4.59
6,rocket21-2c,vvadd,16,238411,4.65
6,rocket21-2c,vvadd,16,238411,4.67
6,rocket21-2c,vvadd,16,238411,4.62
6,rocket21-2c,vvadd,16,238411,4.63
6,rocket21-2c,vvadd,16,238411,5.28
6,rocket21-2c,vvadd,1,238411,4.1
7,boom21-2large,qsort,16,1040703,413.21
7,boom21-2large,qsort,16,1040703,554.38
7,boom21-2large,qsort,16,1040703,399.68
7,boom21-2large,qsort,16,1040703,417.19
7,boom21-2large,qsort,16,1040703,413.95
7,boom21-2large,qsort,16,1040703,409.11
7,boom21-2large,qsort,16,1040703,419.57
7,boom21-2large,qsort,16,1040703,420.7
7,boom21-2large,qsort,16,1040703,414.6
7,boom21-2large,qsort,16,1040703,493.91
7,boom21-2large,qsort,16,1040703,421.21
7,boom21-2large,qsort,16,1040703,413.05
7,boom21-2large,qsort,16,1040703,424.38
7,boom21-2large,qsort,16,1040703,422.12
7,boom21-2large,qsort,16,1040703,409.29
7,boom21-2large,qsort,16,1040703,410.2
7,boom21-2large,qsort,1,1040703,195.23
7,boom21-2large,vvadd,16,380383,99.72
7,boom21-2large,vvadd,16,380383,79.32
7,boom21-2large,vvadd,16,380383,98.21
7,boom21-2large,vvadd,16,380383,94.94
7,boom21-2large,vvadd,16,380383,85.58
7,boom21-2large,vvadd,16,380383,89.03
7,boom21-2large,vvadd,16,380383,100.0
7,boom21-2large,vvadd,16,380383,88.8
7,boom21-2large,vvadd,16,380383,86.23
7,boom21-2large,vvadd,16,380383,99.38
7,boom21-2large,vvadd,16,380383,85.28
7,boom21-2large,vvadd,16,380383,95.09
7,boom21-2large,vvadd,16,380383,86.13
7,boom21-2large,vvadd,16,380383,97.07
7,boom21-2large,vvadd,16,380383,92.94
7,boom21-2large,vvadd,16,380383,98.73
7,boom21-2large,vvadd,1,380383,54.01
7,boom21-2small,qsort,16,1292475,133.18
7,boom21-2small,qsort,16,1292475,142.34
7,boom21-2small,qsort,16,1292475,122.37
7,boom21-2small,qsort,16,1292475,127.99
7,boom21-2small,qsort,16,1292475,127.69
7,boom21-2small,qsort,16,1292475,126.07
7,boom21-2small,qsort,16,1292475,125.07
7,boom21-2small,qsort,16,1292475,123.35
7,boom21-2small,qsort,16,1292475,119.29
7,boom21-2small,qsort,16,1292475,119.78
7,boom21-2small,qsort,16,1292475,120.11
7,boom21-2small,qsort,16,1292475,119.79
7,boom21-2small,qsort,16,1292475,129.32
7,boom21-2small,qsort,16,1292475,117.21
7,boom21-2small,qsort,16,1292475,121.23
7,boom21-2small,qsort,16,1292475,131.07
7,boom21-2small,qsort,1,1292475,102.58
7,boom21-2small,vvadd,16,435535,30.88
7,boom21-2small,vvadd,16,435535,30.68
7,boom21-2small,vvadd,16,435535,30.48
7,boom21-2small,vvadd,16,435535,30.13
7,boom21-2small,vvadd,16,435535,30.72
7,boom21-2small,vvadd,16,435535,30.74
7,boom21-2small,vvadd,16,435535,30.89
7,boom21-2small,vvadd,16,435535,31.06
7,boom21-2small,vvadd,16,435535,30.73
7,boom21-2small,vvadd,16,435535,30.43
7,boom21-2small,vvadd,16,435535,30.8
7,boom21-2small,vvadd,16,435535,30.66
7,boom21-2small,vvadd,16,435535,31.33
7,boom21-2small,vvadd,16,435535,30.56
7,boom21-2small,vvadd,16,435535,31.5
7,boom21-2small,vvadd,16,435535,30.58
7,boom21-2small,vvadd,1,435535,27.3
7,boom21-large,qsort,16,1034563,186.18
7,boom21-large,qsort,16,1034563,204.89
7,boom21-large,qsort,16,1034563,187.93
7,boom21-large,qsort,16,1034563,216.95
7,boom21-large,qsort,16,1034563,193.8
7,boom21-large,qsort,16,1034563,183.39
7,boom21-large,qsort,16,1034563,204.11
7,boom21-large,qsort,16,1034563,215.7
7,boom21-large,qsort,16,1034563,217.26
7,boom21-large,qsort,16,1034563,219.4
7,boom21-large,qsort,16,1034563,240.03
7,boom21-large,qsort,16,1034563,181.62
7,boom21-large,qsort,16,1034563,187.87
7,boom21-large,qsort,16,1034563,188.53
7,boom21-large,qsort,16,1034563,212.8
7,boom21-large,qsort,16,1034563,209.78
7,boom21-large,qsort,1,1034563,116.16
7,boom21-large,vvadd,16,377795,48.11
7,boom21-large,vvadd,16,377795,48.85
7,boom21-large,vvadd,16,377795,48.75
7,boom21-large,vvadd,16,377795,55.91
7,boom21-large,vvadd,16,377795,44.35
7,boom21-large,vvadd,16,377795,46.25
7,boom21-large,vvadd,16,377795,44.74
7,boom21-large,vvadd,16,377795,48.6
7,boom21-large,vvadd,16,377795,52.62
7,boom21-large,vvadd,16,377795,43.86
7,boom21-large,vvadd,16,377795,43.75
7,boom21-large,vvadd,16,377795,43.96
7,boom21-large,vvadd,16,377795,48.61
7,boom21-large,vvadd,16,377795,47.5
7,boom21-large,vvadd,16,377795,47.03
7,boom21-large,vvadd,16,377795,53.67
7,boom21-large,vvadd,1,377795,30.19
7,boom21-small,qsort,16,1287655,62.42
7,boom21-small,qsort,16,1287655,61.95
7,boom21-small,qsort,16,1287655,62.1
7,boom21-small,qsort,16,1287655,63.28
7,boom21-small,qsort,16,1287655,61.7
7,boom21-small,qsort,16,1287655,61.05
7,boom21-small,qsort,16,1287655,60.54
7,boom21-small,qsort,16,1287655,62.28
7,boom21-small,qsort,16,1287655,62.33
7,boom21-small,qsort,16,1287655,61.66
7,boom21-small,qsort,16,1287655,61.01
7,boom21-small,qsort,16,1287655,60.8
7,boom21-small,qsort,16,1287655,61.46
7,boom21-small,qsort,16,1287655,61.28
7,boom21-small,qsort,16,1287655,62.21
7,boom21-small,qsort,16,1287655,61.56
7,boom21-small,qsort,1,1287655,55.17
7,boom21-small,vvadd,16,432839,15.07
7,boom21-small,vvadd,16,432839,15.32
7,boom21-small,vvadd,16,432839,15.37
7,boom21-small,vvadd,16,432839,15.3
7,boom21-small,vvadd,16,432839,15.35
7,boom21-small,vvadd,16,432839,15.64
7,boom21-small,vvadd,16,432839,15.71
7,boom21-small,vvadd,16,432839,15.5
7,boom21-small,vvadd,16,432839,15.28
7,boom21-small,vvadd,16,432839,15.55
7,boom21-small,vvadd,16,432839,15.43
7,boom21-small,vvadd,16,432839,15.37
7,boom21-small,vvadd,16,432839,15.45
7,boom21-small,vvadd,16,432839,15.47
7,boom21-small,vvadd,16,432839,15.61
7,boom21-small,vvadd,16,432839,15.7
7,boom21-small,vvadd,1,432839,13.94
7,rocket21-1c,qsort,16,793459,11.6
7,rocket21-1c,qsort,16,793459,11.68
7,rocket21-1c,qsort,16,793459,11.75
7,rocket21-1c,qsort,16,793459,11.79
7,rocket21-1c,qsort,16,793459,11.68
7,rocket21-1c,qsort,16,793459,11.84
7,rocket21-1c,qsort,16,793459,11.92
7,rocket21-1c,qsort,16,793459,11.63
7,rocket21-1c,qsort,16,793459,11.67
7,rocket21-1c,qsort,16,793459,11.59
7,rocket21-1c,qsort,16,793459,11.82
7,rocket21-1c,qsort,16,793459,11.8
7,rocket21-1c,qsort,16,793459,11.59
7,rocket21-1c,qsort,16,793459,11.67
7,rocket21-1c,qsort,16,793459,11.62
7,rocket21-1c,qsort,16,793459,11.76
7,rocket21-1c,qsort,1,793459,11.99
7,rocket21-1c,vvadd,16,237215,3.82
7,rocket21-1c,vvadd,16,237215,3.8
7,rocket21-1c,vvadd,16,237215,3.81
7,rocket21-1c,vvadd,16,237215,3.75
7,rocket21-1c,vvadd,16,237215,3.78
7,rocket21-1c,vvadd,16,237215,3.79
7,rocket21-1c,vvadd,16,237215,3.76
7,rocket21-1c,vvadd,16,237215,3.82
7,rocket21-1c,vvadd,16,237215,3.75
7,rocket21-1c,vvadd,16,237215,3.85
7,rocket21-1c,vvadd,16,237215,3.78
7,rocket21-1c,vvadd,16,237215,4.43
7,rocket21-1c,vvadd,16,237215,3.76
7,rocket21-1c,vvadd,16,237215,3.76
7,rocket21-1c,vvadd,16,237215,3.79
7,rocket21-1c,vvadd,16,237215,3.78
7,rocket21-1c,vvadd,1,237215,3.42
7,rocket21-2c,qsort,16,794619,15.85
7,rocket21-2c,qsort,16,794619,16.2
7,rocket21-2c,qsort,16,794619,16.16
7,rocket21-2c,qsort,16,794619,16.08
7,rocket21-2c,qsort,16,794619,16.04
7,rocket21-2c,qsort,16,794619,16.08
7,rocket21-2c,qsort,16,794619,16.26
7,rocket21-2c,qsort,16,794619,16.42
7,rocket21-2c,qsort,16,794619,18.71
7,rocket21-2c,qsort,16,794619,16.47
7,rocket21-2c,qsort,16,794619,16.05
7,rocket21-2c,qsort,16,794619,16.5
7,rocket21-2c,qsort,16,794619,15.97
7,rocket21-2c,qsort,16,794619,16.13
7,rocket21-2c,qsort,16,794619,16.79
7,rocket21-2c,qsort,16,794619,16.53
7,rocket21-2c,qsort,1,794619,15.03
7,rocket21-2c,vvadd,16,238411,4.59
7,rocket21-2c,vvadd,16,238411,4.63
7,rocket21-2c,vvadd,16,238411,4.65
7,rocket21-2c,vvadd,16,238411,4.61
7,rocket21-2c,vvadd,16,238411,4.71
7,rocket21-2c,vvadd,16,238411,4.68
7,rocket21-2c,vvadd,16,238411,4.65
7,rocket21-2c,vvadd,16,238411,4.59
7,rocket21-2c,vvadd,16,238411,4.65
7,rocket21-2c,vvadd,16,238411,4.64
7,rocket21-2c,vvadd,16,238411,5.51
7,rocket21-2c,vvadd,16,238411,4.69
7,rocket21-2c,vvadd,16,238411,4.72
7,rocket21-2c,vvadd,16,238411,4.59
7,rocket21-2c,vvadd,16,238411,4.69
7,rocket21-2c,vvadd,16,238411,4.75
7,rocket21-2c,vvadd,1,238411,4.15
8,boom21-2large,qsort,16,1040643,441.25
8,boom21-2large,qsort,16,1040643,362.69
8,boom21-2large,qsort,16,1040643,359.99
8,boom21-2large,qsort,16,1040643,434.87
8,boom21-2large,qsort,16,1040643,367.23
8,boom21-2large,qsort,16,1040643,374.22
8,boom21-2large,qsort,16,1040643,436.07
8,boom21-2large,qsort,16,1040643,577.42
8,boom21-2large,qsort,16,1040643,422.9
8,boom21-2large,qsort,16,1040643,433.64
8,boom21-2large,qsort,16,1040643,431.91
8,boom21-2large,qsort,16,1040643,368.91
8,boom21-2large,qsort,16,1040643,433.07
8,boom21-2large,qsort,16,1040643,432.02
8,boom21-2large,qsort,16,1040643,533.31
8,boom21-2large,qsort,16,1040643,365.59
8,boom21-2large,qsort,1,1040643,203.52
8,boom21-2large,vvadd,16,380419,98.85
8,boom21-2large,vvadd,16,380419,81.59
8,boom21-2large,vvadd,16,380419,84.46
8,boom21-2large,vvadd,16,380419,95.95
8,boom21-2large,vvadd,16,380419,84.87
8,boom21-2large,vvadd,16,380419,94.68
8,boom21-2large,vvadd,16,380419,83.28
8,boom21-2large,vvadd,16,380419,90.38
8,boom21-2large,vvadd,16,380419,97.33
8,boom21-2large,vvadd,16,380419,86.57
8,boom21-2large,vvadd,16,380419,86.27
8,boom21-2large,vvadd,16,380419,97.3
8,boom21-2large,vvadd,16,380419,86.37
8,boom21-2large,vvadd,16,380419,91.07
8,boom21-2large,vvadd,16,380419,95.17
8,boom21-2large,vvadd,16,380419,96.85
8,boom21-2large,vvadd,1,380419,52.26
8,boom21-2small,qsort,16,1291995,114.68
8,boom21-2small,qsort,16,1291995,110.07
8,boom21-2small,qsort,16,1291995,112.39
8,boom21-2small,qsort,16,1291995,120.41
8,boom21-2small,qsort,16,1291995,113.56
8,boom21-2small,qsort,16,1291995,115.94
8,boom21-2small,qsort,16,1291995,116.03
8,boom21-2small,qsort,16,1291995,114.59
8,boom21-2small,qsort,16,1291995,119.46
8,boom21-2small,qsort,16,1291995,113.92
8,boom21-2small,qsort,16,1291995,112.69
8,boom21-2small,qsort,16,1291995,112.89
8,boom21-2small,qsort,16,1291995,114.65
8,boom21-2small,qsort,16,1291995,132.0
8,boom21-2small,qsort,16,1291995,115.07
8,boom21-2small,qsort,16,1291995,112.35
8,boom21-2small,qsort,1,1291995,90.71
8,boom21-2small,vvadd,16,435595,27.39
8,boom21-2small,vvadd,16,435595,27.83
8,boom21-2small,vvadd,16,435595,28.07
8,boom21-2small,vvadd,16,435595,32.13
8,boom21-2small,vvadd,16,435595,27.58
8,boom21-2small,vvadd,16,435595,28.95
8,boom21-2small,vvadd,16,435595,27.83
8,boom21-2small,vvadd,16,435595,28.12
8,boom21-2small,vvadd,16,435595,28.26
8,boom21-2small,vvadd,16,435595,29.36
8,boom21-2small,vvadd,16,435595,27.54
8,boom21-2small,vvadd,16,435595,27.98
8,boom21-2small,vvadd,16,435595,27.78
8,boom21-2small,vvadd,16,435595,27.42
8,boom21-2small,vvadd,16,435595,29.03
8,boom21-2small,vvadd,16,435595,27.88
8,boom21-2small,vvadd,1,435595,22.63
8,boom21-large,qsort,16,1034563,239.04
8,boom21-large,qsort,16,1034563,212.95
8,boom21-large,qsort,16,1034563,185.2
8,boom21-large,qsort,16,1034563,242.19
8,boom21-large,qsort,16,1034563,182.91
8,boom21-large,qsort,16,1034563,205.53
8,boom21-large,qsort,16,1034563,236.5
8,boom21-large,qsort,16,1034563,179.16
8,boom21-large,qsort,16,1034563,180.94
8,boom21-large,qsort,16,1034563,212.35
8,boom21-large,qsort,16,1034563,209.73
8,boom21-large,qsort,16,1034563,179.01
8,boom21-large,qsort,16,1034563,214.42
8,boom21-large,qsort,16,1034563,216.78
8,boom21-large,qsort,16,1034563,177.3
8,boom21-large,qsort,16,1034563,204.57
8,boom21-large,qsort,1,1034563,109.54
8,boom21-large,vvadd,16,377795,46.28
8,boom21-large,vvadd,16,377795,52.62
8,boom21-large,vvadd,16,377795,46.98
8,boom21-large,vvadd,16,377795,47.35
8,boom21-large,vvadd,16,377795,46.48
8,boom21-large,vvadd,16,377795,47.37
8,boom21-large,vvadd,16,377795,48.66
8,boom21-large,vvadd,16,377795,46.83
8,boom21-large,vvadd,16,377795,46.33
8,boom21-large,vvadd,16,377795,46.42
8,boom21-large,vvadd,16,377795,44.38
8,boom21-large,vvadd,16,377795,47.35
8,boom21-large,vvadd,16,377795,46.47
8,boom21-large,vvadd,16,377795,54.32
8,boom21-large,vvadd,16,377795,47.01
8,boom21-large,vvadd,16,377795,47.32
8,boom21-large,vvadd,1,377795,31.81
8,boom21-small,qsort,16,1287655,59.06
8,boom21-small,qsort,16,1287655,61.76
8,boom21-small,qsort,16,1287655,60.45
8,boom21-small,qsort,16,1287655,62.29
8,boom21-small,qsort,16,1287655,61.77
8,boom21-small,qsort,16,1287655,61.64
8,boom21-small,qsort,16,1287655,59.33
8,boom21-small,qsort,16,1287655,61.58
8,boom21-small,qsort,16,1287655,62.32
8,boom21-small,qsort,16,1287655,60.01
8,boom21-small,qsort,16,1287655,59.11
8,boom21-small,qsort,16,1287655,61.5
8,boom21-small,qsort,16,1287655,59.65
8,boom21-small,qsort,16,1287655,69.75
8,boom21-small,qsort,16,1287655,61.83
8,boom21-small,qsort,16,1287655,58.56
8,boom21-small,qsort,1,1287655,58.63
8,boom21-small,vvadd,16,432839,14.91
8,boom21-small,vvadd,16,432839,15.18
8,boom21-small,vvadd,16,432839,15.24
8,boom21-small,vvadd,16,432839,14.95
8,boom21-small,vvadd,16,432839,15.58
8,boom21-small,vvadd,16,432839,15.93
8,boom21-small,vvadd,16,432839,15.31
8,boom21-small,vvadd,16,432839,14.98
8,boom21-small,vvadd,16,432839,15.07
8,boom21-small,vvadd,16,432839,15.01
8,boom21-small,vvadd,16,432839,15.3
8,boom21-small,vvadd,16,432839,15.18
8,boom21-small,vvadd,16,432839,15.41
8,boom21-small,vvadd,16,432839,15.56
8,boom21-small,vvadd,16,432839,15.7
8,boom21-small,vvadd,16,432839,15.18
8,boom21-small,vvadd,1,432839,14.1
8,rocket21-1c,qsort,16,793459,13.69
8,rocket21-1c,qsort,16,793459,11.71
8,rocket21-1c,qsort,16,793459,11.58
8,rocket21-1c,qsort,16,793459,11.75
8,rocket21-1c,qsort,16,793459,11.59
8,rocket21-1c,qsort,16,793459,11.85
8,rocket21-1c,qsort,16,793459,11.77
8,rocket21-1c,qsort,16,793459,11.83
8,rocket21-1c,qsort,16,793459,11.57
8,rocket21-1c,qsort,16,793459,11.73
8,rocket21-1c,qsort,16,793459,11.83
8,rocket21-1c,qsort,16,793459,11.61
8,rocket21-1c,qsort,16,793459,11.6
8,rocket21-1c,qsort,16,793459,11.63
8,rocket21-1c,qsort,16,793459,11.59
8,rocket21-1c,qsort,16,793459,11.76
8,rocket21-1c,qsort,1,793459,10.97
8,rocket21-1c,vvadd,16,237215,3.78
8,rocket21-1c,vvadd,16,237215,3.76
8,rocket21-1c,vvadd,16,237215,3.75
8,rocket21-1c,vvadd,16,237215,3.77
8,rocket21-1c,vvadd,16,237215,3.73
8,rocket21-1c,vvadd,16,237215,3.77
8,rocket21-1c,vvadd,16,237215,3.86
8,rocket21-1c,vvadd,16,237215,3.72
8,rocket21-1c,vvadd,16,237215,3.76
8,rocket21-1c,vvadd,16,237215,3.71
8,rocket21-1c,vvadd,16,237215,3.9
8,rocket21-1c,vvadd,16,237215,3.77
8,rocket21-1c,vvadd,16,237215,3.76
8,rocket21-1c,vvadd,16,237215,3.76
8,rocket21-1c,vvadd,16,237215,4.37
8,rocket21-1c,vvadd,16,237215,3.77
8,rocket21-1c,vvadd,1,237215,3.53
8,rocket21-2c,qsort,16,794619,16.26
8,rocket21-2c,qsort,16,794619,16.22
8,rocket21-2c,qsort,16,794619,19.08
8,rocket21-2c,qsort,16,794619,16.1
8,rocket21-2c,qsort,16,794619,16.04
8,rocket21-2c,qsort,16,794619,16.01
8,rocket21-2c,qsort,16,794619,15.88
8,rocket21-2c,qsort,16,794619,15.74
8,rocket21-2c,qsort,16,794619,16.15
8,rocket21-2c,qsort,16,794619,15.94
8,rocket21-2c,qsort,16,794619,16.07
8,rocket21-2c,qsort,16,794619,15.85
8,rocket21-2c,qsort,16,794619,16.54
8,rocket21-2c,qsort,16,794619,15.91
8,rocket21-2c,qsort,16,794619,16.65
8,rocket21-2c,qsort,16,794619,16.18
8,rocket21-2c,qsort,1,794619,15.22
8,rocket21-2c,vvadd,16,238411,4.63
8,rocket21-2c,vvadd,16,238411,5.08
8,rocket21-2c,vvadd,16,238411,4.69
8,rocket21-2c,vvadd,16,238411,4.74
8,rocket21-2c,vvadd,16,238411,4.72
8,rocket21-2c,vvadd,16,238411,4.77
8,rocket21-2c,vvadd,16,238411,4.73
8,rocket21-2c,vvadd,16,238411,5.12
8,rocket21-2c,vvadd,16,238411,4.78
8,rocket21-2c,vvadd,16,238411,4.76
8,rocket21-2c,vvadd,16,238411,5.09
8,rocket21-2c,vvadd,16,238411,4.67
8,rocket21-2c,vvadd,16,238411,4.66
8,rocket21-2c,vvadd,16,238411,4.72
8,rocket21-2c,vvadd,16,238411,4.7
8,rocket21-2c,vvadd,16,238411,4.68
8,rocket21-2c,vvadd,1,238411,4.4
9,boom21-2large,qsort,16,1039179,511.94
9,boom21-2large,qsort,16,1039179,407.69
9,boom21-2large,qsort,16,1039179,406.2
9,boom21-2large,qsort,16,1039179,394.78
9,boom21-2large,qsort,16,1039179,391.24
9,boom21-2large,qsort,16,1039179,405.59
9,boom21-2large,qsort,16,1039179,406.27
9,boom21-2large,qsort,16,1039179,398.38
9,boom21-2large,qsort,16,1039179,401.18
9,boom21-2large,qsort,16,1039179,415.68
9,boom21-2large,qsort,16,1039179,377.49
9,boom21-2large,qsort,16,1039179,404.3
9,boom21-2large,qsort,16,1039179,398.37
9,boom21-2large,qsort,16,1039179,388.86
9,boom21-2large,qsort,16,1039179,471.17
9,boom21-2large,qsort,16,1039179,399.44
9,boom21-2large,qsort,1,1039179,185.05
9,boom21-2large,vvadd,16,380383,85.9
9,boom21-2large,vvadd,16,380383,94.18
9,boom21-2large,vvadd,16,380383,95.88
9,boom21-2large,vvadd,16,380383,95.4
9,boom21-2large,vvadd,16,380383,94.24
9,boom21-2large,vvadd,16,380383,84.51
9,boom21-2large,vvadd,16,380383,97.67
9,boom21-2large,vvadd,16,380383,94.56
9,boom21-2large,vvadd,16,380383,93.3
9,boom21-2large,vvadd,16,380383,83.55
9,boom21-2large,vvadd,16,380383,82.99
9,boom21-2large,vvadd,16,380383,80.39
9,boom21-2large,vvadd,16,380383,80.27
9,boom21-2large,vvadd,16,380383,122.58
9,boom21-2large,vvadd,16,380383,85.31
9,boom21-2large,vvadd,16,380383,91.46
9,boom21-2large,vvadd,1,380383,48.12
9,boom21-2small,qsort,16,1292367,110.99
9,boom21-2small,qsort,16,1292367,113.87
9,boom21-2small,qsort,16,1292367,111.99
9,boom21-2small,qsort,16,1292367,112.88
9,boom21-2small,qsort,16,1292367,115.43
9,boom21-2small,qsort,16,1292367,117.89
9,boom21-2small,qsort,16,1292367,110.38
9,boom21-2small,qsort,16,1292367,113.69
9,boom21-2small,qsort,16,1292367,119.03
9,boom21-2small,qsort,16,1292367,120.59
9,boom21-2small,qsort,16,1292367,114.5
9,boom21-2small,qsort,16,1292367,111.31
9,boom21-2small,qsort,16,1292367,113.37
9,boom21-2small,qsort,16,1292367,111.45
9,boom21-2small,qsort,16,1292367,118.58
9,boom21-2small,qsort,16,1292367,113.77
9,boom21-2small,qsort,1,1292367,92.53
9,boom21-2small,vvadd,16,435679,29.02
9,boom21-2small,vvadd,16,435679,28.85
9,boom21-2small,vvadd,16,435679,28.92
9,boom21-2small,vvadd,16,435679,27.95
9,boom21-2small,vvadd,16,435679,28.48
9,boom21-2small,vvadd,16,435679,29.02
9,boom21-2small,vvadd,16,435679,28.59
9,boom21-2small,vvadd,16,435679,29.05
9,boom21-2small,vvadd,16,435679,28.2
9,boom21-2small,vvadd,16,435679,28.12
9,boom21-2small,vvadd,16,435679,28.19
9,boom21-2small,vvadd,16,435679,27.87
9,boom21-2small,vvadd,16,435679,27.88
9,boom21-2small,vvadd,16,435679,28.5
9,boom21-2small,vvadd,16,435679,28.46
9,boom21-2small,vvadd,16,435679,28.41
9,boom21-2small,vvadd,1,435679,25.06
9,boom21-large,qsort,16,1034563,210.64
9,boom21-large,qsort,16,1034563,209.54
9,boom21-large,qsort,16,1034563,212.61
9,boom21-large,qsort,16,1034563,206.29
9,boom21-large,qsort,16,1034563,205.23
9,boom21-large,qsort,16,1034563,204.58
9,boom21-large,qsort,16,1034563,210.93
9,boom21-large,qsort,16,1034563,184.4
9,boom21-large,qsort,16,1034563,272.53
9,boom21-large,qsort,16,1034563,183.28
9,boom21-large,qsort,16,1034563,183.03
9,boom21-large,qsort,16,1034563,181.59
9,boom21-large,qsort,16,1034563,205.17
9,boom21-large,qsort,16,1034563,209.95
9,boom21-large,qsort,16,1034563,185.93
9,boom21-large,qsort,16,1034563,191.88
9,boom21-large,qsort,1,1034563,116.59
9,boom21-large,vvadd,16,377795,46.91
9,boom21-large,vvadd,16,377795,45.43
9,boom21-large,vvadd,16,377795,47.91
9,boom21-large,vvadd,16,377795,48.4
9,boom21-large,vvadd,16,377795,48.55
9,boom21-large,vvadd,16,377795,58.32
9,boom21-large,vvadd,16,377795,44.44
9,boom21-large,vvadd,16,377795,48.22
9,boom21-large,vvadd,16,377795,45.5
9,boom21-large,vvadd,16,377795,43.81
9,boom21-large,vvadd,16,377795,47.2
9,boom21-large,vvadd,16,377795,51.21
9,boom21-large,vvadd,16,377795,44.04
9,boom21-large,vvadd,16,377795,49.27
9,boom21-large,vvadd,16,377795,49.05
9,boom21-large,vvadd,16,377795,57.38
9,boom21-large,vvadd,1,377795,31.23
9,boom21-small,qsort,16,1287655,60.68
9,boom21-small,qsort,16,1287655,60.0
9,boom21-small,qsort,16,1287655,62.29
9,boom21-small,qsort,16,1287655,60.46
9,boom21-small,qsort,16,1287655,61.44
9,boom21-small,qsort,16,1287655,62.25
9,boom21-small,qsort,16,1287655,69.5
9,boom21-small,qsort,16,1287655,61.13
9,boom21-small,qsort,16,1287655,60.72
9,boom21-small,qsort,16,1287655,60.17
9,boom21-small,qsort,16,1287655,61.21
9,boom21-small,qsort,16,1287655,60.8
9,boom21-small,qsort,16,1287655,60.47
9,boom21-small,qsort,16,1287655,60.27
9,boom21-small,qsort,16,1287655,60.31
9,boom21-small,qsort,16,1287655,62.34
9,boom21-small,qsort,1,1287655,53.98
9,boom21-small,vvadd,16,432839,15.25
9,boom21-small,vvadd,16,432839,15.2
9,boom21-small,vvadd,16,432839,15.08
9,boom21-small,vvadd,16,432839,14.99
9,boom21-small,vvadd,16,432839,15.47
9,boom21-small,vvadd,16,432839,15.1
9,boom21-small,vvadd,16,432839,15.23
9,boom21-small,vvadd,16,432839,15.49
9,boom21-small,vvadd,16,432839,15.05
9,boom21-small,vvadd,16,432839,15.65
9,boom21-small,vvadd,16,432839,14.85
9,boom21-small,vvadd,16,432839,15.4
9,boom21-small,vvadd,16,432839,15.22
9,boom21-small,vvadd,16,432839,15.09
9,boom21-small,vvadd,16,432839,14.89
9,boom21-small,vvadd,16,432839,15.62
9,boom21-small,vvadd,1,432839,14.42
9,rocket21-1c,qsort,16,793459,11.61
9,rocket21-1c,qsort,16,793459,11.72
9,rocket21-1c,qsort,16,793459,11.58
9,rocket21-1c,qsort,16,793459,11.67
9,rocket21-1c,qsort,16,793459,11.71
9,rocket21-1c,qsort,16,793459,11.62
9,rocket21-1c,qsort,16,793459,11.61
9,rocket21-1c,qsort,16,793459,11.8
9,rocket21-1c,qsort,16,793459,11.52
9,rocket21-1c,qsort,16,793459,11.81
9,rocket21-1c,qsort,16,793459,11.66
9,rocket21-1c,qsort,16,793459,11.66
9,rocket21-1c,qsort,16,793459,11.54
9,rocket21-1c,qsort,16,793459,11.56
9,rocket21-1c,qsort,16,793459,11.75
9,rocket21-1c,qsort,16,793459,11.63
9,rocket21-1c,qsort,1,793459,10.87
9,rocket21-1c,vvadd,16,237215,3.77
9,rocket21-1c,vvadd,16,237215,3.7
9,rocket21-1c,vvadd,16,237215,3.78
9,rocket21-1c,vvadd,16,237215,3.75
9,rocket21-1c,vvadd,16,237215,3.74
9,rocket21-1c,vvadd,16,237215,3.84
9,rocket21-1c,vvadd,16,237215,3.74
9,rocket21-1c,vvadd,16,237215,3.74
9,rocket21-1c,vvadd,16,237215,3.74
9,rocket21-1c,vvadd,16,237215,3.74
9,rocket21-1c,vvadd,16,237215,3.73
9,rocket21-1c,vvadd,16,237215,3.78
9,rocket21-1c,vvadd,16,237215,3.72
9,rocket21-1c,vvadd,16,237215,4.48
9,rocket21-1c,vvadd,16,237215,3.71
9,rocket21-1c,vvadd,16,237215,3.75
9,rocket21-1c,vvadd,1,237215,3.67
9,rocket21-2c,qsort,16,794619,15.65
9,rocket21-2c,qsort,16,794619,16.02
9,rocket21-2c,qsort,16,794619,18.69
9,rocket21-2c,qsort,16,794619,15.82
9,rocket21-2c,qsort,16,794619,15.99
9,rocket21-2c,qsort,16,794619,15.98
9,rocket21-2c,qsort,16,794619,15.87
9,rocket21-2c,qsort,16,794619,15.78
9,rocket21-2c,qsort,16,794619,16.4
9,rocket21-2c,qsort,16,794619,16.11
9,rocket21-2c,qsort,16,794619,15.81
9,rocket21-2c,qsort,16,794619,15.79
9,rocket21-2c,qsort,16,794619,15.78
9,rocket21-2c,qsort,16,794619,16.02
9,rocket21-2c,qsort,16,794619,16.09
9,rocket21-2c,qsort,16,794619,16.01
9,rocket21-2c,qsort,1,794619,13.8
9,rocket21-2c,vvadd,16,238411,4.51
9,rocket21-2c,vvadd,16,238411,4.44
9,rocket21-2c,vvadd,16,238411,4.53
9,rocket21-2c,vvadd,16,238411,4.63
9,rocket21-2c,vvadd,16,238411,4.71
9,rocket21-2c,vvadd,16,238411,4.65
9,rocket21-2c,vvadd,16,238411,4.73
9,rocket21-2c,vvadd,16,238411,4.58
9,rocket21-2c,vvadd,16,238411,4.58
9,rocket21-2c,vvadd,16,238411,4.55
9,rocket21-2c,vvadd,16,238411,4.53
9,rocket21-2c,vvadd,16,238411,4.68
9,rocket21-2c,vvadd,16,238411,4.56
9,rocket21-2c,vvadd,16,238411,4.61
9,rocket21-2c,vvadd,16,238411,4.49
9,rocket21-2c,vvadd,16,238411,4.54
9,rocket21-2c,vvadd,1,238411,3.76
